106年01月01日 02時35分00秒,死亡1,受傷0,普通重型-機車
106年01月01日 02時43分00秒,死亡1,受傷0,普通重型-機車
106年01月01日 03時35分00秒,死亡2,受傷0,普通重型-機車
106年01月01日 06時09分00秒,死亡1,受傷0,普通重型-機車
106年01月01日 06時25分00秒,死亡1,受傷0,普通重型-機車
106年01月02日 05時50分00秒,死亡1,受傷0,普通重型-機車
106年01月02日 05時53分00秒,死亡2,受傷0,營業用-曳引車
106年01月02日 10時25分00秒,死亡1,受傷0,普通重型-機車
106年01月02日 14時45分00秒,死亡1,受傷0,自用-小客車
106年01月02日 16時20分00秒,死亡1,受傷0,自用-小客車
106年01月02日 18時00分00秒,死亡1,受傷1,普通重型-機車
106年01月02日 22時55分00秒,死亡1,受傷0,民營公車-大客車
106年01月03日 06時18分00秒,死亡1,受傷1,普通重型-機車
106年01月03日 10時50分00秒,死亡1,受傷1,普通重型-機車
106年01月03日 13時33分00秒,死亡1,受傷1,自用-小客車
106年01月03日 13時50分00秒,死亡1,受傷0,普通重型-機車
106年01月03日 17時33分00秒,死亡1,受傷1,普通重型-機車
106年01月04日 08時46分00秒,死亡1,受傷1,普通重型-機車
106年01月04日 09時57分00秒,死亡1,受傷0,普通輕型-機車
106年01月04日 14時20分00秒,死亡1,受傷0,普通重型-機車
106年01月04日 16時00分00秒,死亡1,受傷0,營業用-大貨車
106年01月04日 17時55分00秒,死亡1,受傷2,自用-小客車
106年01月05日 08時07分00秒,死亡1,受傷0,普通重型-機車
106年01月05日 14時52分00秒,死亡1,受傷0,自用-大貨車
106年01月05日 18時10分00秒,死亡1,受傷0,普通重型-機車
106年01月06日 06時16分00秒,死亡1,受傷1,普通重型-機車
106年01月06日 17時17分00秒,死亡1,受傷1,營業用-大貨車
106年01月07日 05時13分00秒,死亡1,受傷0,電動自行車-慢車
106年01月07日 05時25分00秒,死亡1,受傷1,普通重型-機車
106年01月07日 18時55分00秒,死亡1,受傷0,行人-人
106年01月07日 23時25分00秒,死亡1,受傷4,自用-小客車
106年01月08日 01時07分00秒,死亡1,受傷0,自用-小客車
106年01月08日 20時05分00秒,死亡1,受傷0,普通重型-機車
106年01月08日 20時35分00秒,死亡1,受傷0,計程車-小客車
106年01月09日 07時36分00秒,死亡1,受傷0,自用-小客車
106年01月09日 15時51分00秒,死亡1,受傷0,自用-小貨車(含客、貨兩用)
106年01月10日 09時05分00秒,死亡1,受傷0,公營公車-大客車
106年01月10日 11時49分00秒,死亡1,受傷0,自用-小客車
106年01月10日 21時35分00秒,死亡1,受傷1,民營公車-大客車
106年01月10日 22時18分00秒,死亡1,受傷1,普通重型-機車
106年01月11日 01時00分00秒,死亡1,受傷0,普通重型-機車
106年01月11日 03時35分00秒,死亡1,受傷1,普通重型-機車
106年01月11日 08時11分00秒,死亡1,受傷1,普通重型-機車
106年01月11日 15時30分00秒,死亡1,受傷0,普通重型-機車
106年01月11日 21時20分00秒,死亡1,受傷0,普通重型-機車
106年01月12日 00時35分00秒,死亡1,受傷5,自用-小客車
106年01月12日 02時25分00秒,死亡1,受傷0,普通重型-機車
106年01月12日 04時36分00秒,死亡1,受傷0,計程車-小客車
106年01月12日 05時10分00秒,死亡1,受傷1,普通重型-機車
106年01月12日 05時49分00秒,死亡1,受傷0,普通重型-機車
106年01月12日 05時50分00秒,死亡1,受傷0,普通重型-機車
106年01月12日 06時50分00秒,死亡1,受傷1,普通重型-機車
106年01月12日 08時05分00秒,死亡1,受傷0,普通輕型-機車
106年01月12日 23時28分00秒,死亡1,受傷1,普通重型-機車
106年01月13日 05時49分00秒,死亡1,受傷0,自用-小貨車(含客、貨兩用)
106年01月13日 11時50分00秒,死亡1,受傷0,普通重型-機車
106年01月13日 18時01分00秒,死亡1,受傷0,自用-小貨車(含客、貨兩用)
106年01月14日 05時51分00秒,死亡1,受傷0,計程車-小客車
106年01月14日 14時27分00秒,死亡2,受傷0,其他特種車-特種車
106年01月15日 10時35分00秒,死亡4,受傷3,自用-小客車
106年01月15日 21時58分00秒,死亡1,受傷0,自用-小客車
106年01月16日 07時45分00秒,死亡1,受傷0,動力機械-其他車
106年01月16日 20時55分00秒,死亡1,受傷0,行人-人
106年01月17日 04時54分00秒,死亡1,受傷4,自用-小客車
106年01月17日 05時25分00秒,死亡1,受傷0,營業用-大貨車
106年01月17日 05時55分00秒,死亡1,受傷0,自用-小客車
106年01月17日 09時11分00秒,死亡1,受傷1,普通重型-機車
106年01月17日 11時18分00秒,死亡1,受傷0,營業用-全聯結車
106年01月17日 12時34分00秒,死亡1,受傷0,自用-小貨車(含客、貨兩用)
106年01月17日 13時41分00秒,死亡1,受傷0,自用-小貨車(含客、貨兩用)
106年01月17日 19時52分00秒,死亡1,受傷0,自用-小貨車(含客、貨兩用)
106年01月18日 05時43分00秒,死亡1,受傷0,自用-小客車
106年01月18日 08時25分00秒,死亡1,受傷1,普通重型-機車
106年01月18日 08時32分00秒,死亡1,受傷0,自用-小貨車(含客、貨兩用)
106年01月18日 14時02分00秒,死亡1,受傷1,自用-小客車
106年01月18日 15時00分00秒,死亡1,受傷1,普通重型-機車
106年01月18日 23時11分00秒,死亡1,受傷4,自用-小客車
106年01月19日 15時20分00秒,死亡1,受傷3,自用-小客車
106年01月20日 17時15分00秒,死亡1,受傷0,自用-小貨車(含客、貨兩用)
106年01月21日 04時03分00秒,死亡1,受傷0,普通重型-機車
106年01月21日 16時39分00秒,死亡1,受傷0,大型重型2(250-550C.C.)-機車
106年01月22日 01時52分00秒,死亡1,受傷0,自用-小客車
106年01月22日 03時05分00秒,死亡1,受傷0,自用-小貨車(含客、貨兩用)
106年01月22日 03時05分00秒,死亡1,受傷0,自用-小貨車(含客、貨兩用)
106年01月22日 08時40分00秒,死亡1,受傷0,普通重型-機車
106年01月22日 21時46分00秒,死亡1,受傷0,營業用-大貨車
106年01月23日 07時53分00秒,死亡1,受傷0,普通重型-機車
106年01月23日 08時45分00秒,死亡1,受傷0,自用-小貨車(含客、貨兩用)
106年01月23日 18時20分00秒,死亡1,受傷0,自用-小貨車(含客、貨兩用)
106年01月24日 04時05分00秒,死亡1,受傷0,行人-人
106年01月24日 04時56分00秒,死亡1,受傷1,自用-小客車
106年01月24日 06時08分00秒,死亡1,受傷0,腳踏自行車-慢車
106年01月25日 06時46分00秒,死亡1,受傷0,行人-人
106年01月25日 06時53分00秒,死亡1,受傷1,普通重型-機車
106年01月25日 08時27分00秒,死亡1,受傷0,普通重型-機車
106年01月25日 16時03分00秒,死亡1,受傷1,腳踏自行車-慢車
106年01月26日 23時00分00秒,死亡1,受傷0,自用-小貨車(含客、貨兩用)
106年01月27日 08時00分00秒,死亡1,受傷0,大型重型1(550C.C.以上)-機車
106年01月27日 18時45分00秒,死亡1,受傷0,計程車-小客車
106年01月28日 01時40分00秒,死亡1,受傷0,普通重型-機車
106年01月28日 07時28分00秒,死亡1,受傷0,普通重型-機車
106年01月28日 15時25分00秒,死亡1,受傷1,普通重型-機車
106年01月28日 16時21分00秒,死亡1,受傷1,普通重型-機車
106年01月28日 18時19分00秒,死亡1,受傷0,普通重型-機車
106年01月28日 18時21分00秒,死亡1,受傷0,普通重型-機車
106年01月28日 23時05分00秒,死亡1,受傷2,普通重型-機車
106年01月29日 23時27分00秒,死亡1,受傷1,普通重型-機車
106年01月30日 03時35分00秒,死亡1,受傷0,其他慢車-慢車
106年01月30日 17時56分00秒,死亡1,受傷1,普通重型-機車
106年01月31日 10時20分00秒,死亡1,受傷0,自用-小客車
106年01月31日 11時25分00秒,死亡1,受傷0,普通重型-機車
106年01月31日 15時29分00秒,死亡1,受傷0,其他特種車-特種車
106年02月01日 18時15分00秒,死亡1,受傷0,自用-小客車
106年02月02日 19時52分00秒,死亡1,受傷0,腳踏自行車-慢車
106年02月03日 00時52分00秒,死亡1,受傷1,普通重型-機車
106年02月03日 01時38分00秒,死亡1,受傷2,自用-小貨車(含客、貨兩用)
106年02月03日 06時45分00秒,死亡1,受傷0,普通重型-機車
106年02月03日 23時15分00秒,死亡1,受傷0,普通重型-機車
106年02月04日 02時35分00秒,死亡1,受傷0,普通重型-機車
106年02月04日 06時19分00秒,死亡1,受傷2,普通重型-機車
106年02月05日 06時28分00秒,死亡1,受傷1,自用-小客車
106年02月05日 07時16分00秒,死亡1,受傷0,大型重型2(250-550C.C.)-機車
106年02月05日 14時16分00秒,死亡1,受傷0,普通重型-機車
106年02月05日 18時00分00秒,死亡1,受傷0,行人-人
106年02月05日 22時35分00秒,死亡1,受傷0,自用-小客車
106年02月06日 09時45分00秒,死亡1,受傷0,營業用-曳引車
106年02月06日 19時03分00秒,死亡1,受傷0,普通重型-機車
106年02月07日 01時58分00秒,死亡1,受傷0,自用-小客車
106年02月07日 03時05分00秒,死亡1,受傷0,自用-小客車
106年02月07日 05時46分00秒,死亡1,受傷1,租賃車-小客車
106年02月07日 12時53分00秒,死亡1,受傷0,普通重型-機車
106年02月07日 19時59分00秒,死亡1,受傷0,普通重型-機車
106年02月07日 23時34分00秒,死亡1,受傷4,自用-小客車
106年02月08日 05時56分00秒,死亡1,受傷0,腳踏自行車-慢車
106年02月08日 08時02分00秒,死亡1,受傷0,自用-小客車
106年02月08日 08時18分00秒,死亡1,受傷0,普通重型-機車
106年02月08日 18時07分00秒,死亡1,受傷0,自用-小客車
106年02月09日 07時05分00秒,死亡1,受傷0,自用-小客車
106年02月09日 07時42分00秒,死亡1,受傷0,普通重型-機車
106年02月09日 13時30分00秒,死亡1,受傷2,普通重型-機車
106年02月09日 14時03分00秒,死亡1,受傷1,自用-小客車
106年02月10日 11時35分00秒,死亡1,受傷1,自用-小客車
106年02月10日 14時28分00秒,死亡1,受傷0,腳踏自行車-慢車
106年02月10日 16時25分00秒,死亡1,受傷0,行人-人
106年02月10日 20時30分00秒,死亡1,受傷1,自用-小貨車(含客、貨兩用)
106年02月11日 02時29分00秒,死亡1,受傷0,普通重型-機車
106年02月11日 10時55分00秒,死亡1,受傷0,自用-小客車
106年02月11日 16時40分00秒,死亡1,受傷1,行人-人
106年02月12日 10時52分00秒,死亡1,受傷3,普通輕型-機車
106年02月12日 13時41分00秒,死亡1,受傷2,自用-小客車
106年02月12日 22時38分00秒,死亡1,受傷1,普通重型-機車
106年02月12日 23時00分00秒,死亡1,受傷0,普通重型-機車
106年02月13日 08時59分00秒,死亡1,受傷0,營業用-大貨車
106年02月13日 15時30分00秒,死亡1,受傷0,營業用-小貨車(含客、貨兩用)
106年02月13日 18時10分00秒,死亡1,受傷0,自用-小客車
106年02月13日 19時24分00秒,死亡1,受傷1,自用-小客車
106年02月13日 20時57分00秒,死亡33,受傷11,遊覽車-大客車
106年02月14日 03時40分00秒,死亡1,受傷3,營業用-大貨車
106年02月14日 04時40分00秒,死亡1,受傷0,自用-大貨車
106年02月14日 17時20分00秒,死亡1,受傷0,自用-小客車
106年02月14日 17時50分00秒,死亡1,受傷0,普通重型-機車
106年02月15日 00時30分00秒,死亡1,受傷0,自用-小客車
106年02月15日 07時20分00秒,死亡1,受傷1,普通重型-機車
106年02月15日 13時30分00秒,死亡1,受傷1,自用-小客車
106年02月15日 14時10分00秒,死亡1,受傷0,行人-人
106年02月15日 16時20分00秒,死亡1,受傷1,普通重型-機車
106年02月15日 16時46分00秒,死亡1,受傷3,自用-小客車
106年02月16日 02時08分00秒,死亡1,受傷0,普通重型-機車
106年02月16日 11時10分00秒,死亡1,受傷0,普通重型-機車
106年02月16日 15時13分00秒,死亡1,受傷0,普通重型-機車
106年02月16日 18時27分00秒,死亡1,受傷0,普通重型-機車
106年02月16日 22時05分00秒,死亡1,受傷1,普通重型-機車
106年02月17日 14時58分00秒,死亡1,受傷0,營業用-小貨車(含客、貨兩用)
106年02月17日 15時55分00秒,死亡1,受傷0,普通重型-機車
106年02月17日 16時38分00秒,死亡1,受傷1,自用-大貨車
106年02月18日 07時20分00秒,死亡1,受傷0,普通重型-機車
106年02月18日 09時02分00秒,死亡1,受傷0,自用-小客車
106年02月18日 16時10分00秒,死亡1,受傷0,普通重型-機車
106年02月18日 21時58分00秒,死亡1,受傷0,計程車-小客車
106年02月19日 18時10分00秒,死亡1,受傷1,普通重型-機車
106年02月20日 05時19分00秒,死亡1,受傷0,自用-小客車
106年02月20日 08時20分00秒,死亡1,受傷0,普通輕型-機車
106年02月20日 11時10分00秒,死亡1,受傷0,普通重型-機車
106年02月20日 20時10分00秒,死亡1,受傷0,租賃車-小客車
106年02月20日 23時05分00秒,死亡1,受傷1,普通重型-機車
106年02月20日 23時43分00秒,死亡1,受傷0,行人-人
106年02月21日 05時07分00秒,死亡1,受傷0,普通重型-機車
106年02月21日 05時25分00秒,死亡1,受傷2,普通重型-機車
106年02月21日 05時50分00秒,死亡1,受傷0,計程車-小客車
106年02月21日 09時38分00秒,死亡1,受傷0,自用-小客車
106年02月21日 11時55分00秒,死亡1,受傷0,普通重型-機車
106年02月21日 20時09分00秒,死亡1,受傷1,普通重型-機車
106年02月21日 23時06分00秒,死亡1,受傷1,普通重型-機車
106年02月21日 23時08分00秒,死亡1,受傷1,普通重型-機車
106年02月21日 23時20分00秒,死亡1,受傷0,自用-小貨車(含客、貨兩用)
106年02月22日 05時30分00秒,死亡1,受傷1,普通重型-機車
106年02月22日 10時40分00秒,死亡1,受傷0,自用-小貨車(含客、貨兩用)
106年02月23日 00時50分00秒,死亡1,受傷0,普通重型-機車
106年02月23日 10時28分00秒,死亡1,受傷0,自用-小客車
106年02月23日 10時50分00秒,死亡1,受傷0,自用-小貨車(含客、貨兩用)
106年02月23日 16時28分00秒,死亡1,受傷1,行人-人
106年02月23日 18時15分00秒,死亡1,受傷1,普通重型-機車
106年02月23日 20時12分00秒,死亡1,受傷0,普通重型-機車
106年02月24日 04時20分00秒,死亡1,受傷1,普通重型-機車
106年02月24日 18時40分00秒,死亡1,受傷1,普通重型-機車
106年02月24日 19時20分00秒,死亡1,受傷1,普通重型-機車
106年02月25日 05時13分00秒,死亡1,受傷0,自用-小客車
106年02月25日 09時52分00秒,死亡1,受傷1,腳踏自行車-慢車
106年02月25日 13時27分00秒,死亡1,受傷0,普通重型-機車
106年02月25日 18時10分00秒,死亡1,受傷1,普通重型-機車
106年02月25日 18時30分00秒,死亡1,受傷3,自用-小客車
106年02月25日 20時20分00秒,死亡1,受傷1,普通重型-機車
106年02月26日 05時58分00秒,死亡1,受傷0,普通重型-機車
106年02月26日 19時33分00秒,死亡1,受傷0,腳踏自行車-慢車
106年02月26日 20時12分00秒,死亡1,受傷1,普通重型-機車
106年02月26日 21時10分00秒,死亡1,受傷0,自用-小貨車(含客、貨兩用)
106年02月27日 11時05分00秒,死亡1,受傷0,普通重型-機車
106年02月27日 14時08分00秒,死亡1,受傷0,普通重型-機車
106年02月27日 17時28分00秒,死亡1,受傷0,普通重型-機車
106年02月27日 18時10分00秒,死亡1,受傷1,自用-小客車
106年02月27日 22時58分00秒,死亡1,受傷0,自用-小客車
106年02月28日 10時25分00秒,死亡1,受傷0,自用-小客車
106年02月28日 19時06分00秒,死亡1,受傷0,自用-小貨車(含客、貨兩用)
106年02月28日 23時48分00秒,死亡1,受傷1,普通重型-機車
106年03月01日 02時40分00秒,死亡1,受傷2,自用-小客車
106年03月01日 09時14分00秒,死亡1,受傷0,民營客運-大客車
106年03月02日 04時37分00秒,死亡1,受傷1,大型重型1(550C.C.以上)-機車
106年03月02日 06時00分00秒,死亡1,受傷0,自用-大貨車
106年03月03日 07時35分00秒,死亡1,受傷0,營業用-大貨車
106年03月03日 08時12分00秒,死亡1,受傷0,普通輕型-機車
106年03月04日 08時30分00秒,死亡1,受傷0,普通重型-機車
106年03月04日 12時15分00秒,死亡1,受傷2,普通重型-機車
106年03月04日 18時00分00秒,死亡1,受傷1,自用-小客車
106年03月05日 11時34分00秒,死亡1,受傷0,自用-小客車
106年03月05日 13時46分00秒,死亡1,受傷0,普通重型-機車
106年03月05日 14時43分00秒,死亡1,受傷0,大型重型1(550C.C.以上)-機車
106年03月05日 16時10分00秒,死亡1,受傷0,普通重型-機車
106年03月05日 16時12分00秒,死亡1,受傷0,普通重型-機車
106年03月06日 05時53分00秒,死亡1,受傷0,計程車-小客車
106年03月06日 09時24分00秒,死亡1,受傷0,自用-小客車
106年03月06日 13時25分00秒,死亡1,受傷0,自用-小客車
106年03月06日 18時41分00秒,死亡1,受傷8,自用-小客車
106年03月07日 12時40分00秒,死亡1,受傷0,營業用-半聯結車
106年03月07日 12時51分00秒,死亡1,受傷0,自用-大貨車
106年03月07日 14時05分00秒,死亡1,受傷1,普通重型-機車
106年03月07日 14時12分00秒,死亡1,受傷0,自用-小客車
106年03月07日 14時19分00秒,死亡1,受傷1,普通重型-機車
106年03月07日 18時28分00秒,死亡1,受傷0,自用-小客車
106年03月07日 18時33分00秒,死亡1,受傷2,普通重型-機車
106年03月07日 22時05分00秒,死亡1,受傷4,普通重型-機車
106年03月08日 02時35分00秒,死亡1,受傷1,自用-小客車
106年03月08日 09時45分00秒,死亡1,受傷0,自用-大貨車
106年03月08日 09時48分00秒,死亡1,受傷1,普通輕型-機車
106年03月08日 18時32分00秒,死亡1,受傷0,民營客運-大客車
106年03月08日 18時42分00秒,死亡1,受傷0,租賃車-小客車
106年03月09日 08時35分00秒,死亡1,受傷1,自用-小貨車(含客、貨兩用)
106年03月09日 10時30分00秒,死亡1,受傷0,營業用-曳引車
106年03月09日 14時02分00秒,死亡1,受傷0,普通重型-機車
106年03月09日 17時12分00秒,死亡1,受傷2,普通重型-機車
106年03月10日 10時34分00秒,死亡1,受傷0,自用-大貨車
106年03月10日 20時23分00秒,死亡1,受傷0,行人-人
106年03月10日 22時16分00秒,死亡1,受傷2,自用-小客車
106年03月12日 16時08分00秒,死亡1,受傷0,民營公車-大客車
106年03月12日 19時26分00秒,死亡1,受傷1,營業用-大貨車
106年03月13日 12時42分00秒,死亡2,受傷1,自用-大貨車
106年03月13日 19時02分00秒,死亡1,受傷0,拖車(架)-其他車
106年03月14日 12時30分00秒,死亡1,受傷0,計程車-小客車
106年03月14日 13時03分00秒,死亡1,受傷0,普通重型-機車
106年03月14日 16時30分00秒,死亡1,受傷0,普通重型-機車
106年03月15日 12時50分00秒,死亡1,受傷0,普通重型-機車
106年03月16日 13時42分00秒,死亡1,受傷0,普通重型-機車
106年03月16日 23時09分00秒,死亡1,受傷1,普通重型-機車
106年03月17日 19時10分00秒,死亡1,受傷1,普通重型-機車
106年03月17日 21時24分00秒,死亡1,受傷0,行人-人
106年03月18日 02時11分00秒,死亡1,受傷0,計程車-小客車
106年03月18日 06時37分00秒,死亡1,受傷0,自用-小客車
106年03月18日 10時00分00秒,死亡1,受傷1,普通重型-機車
106年03月18日 10時15分00秒,死亡1,受傷0,自用-小貨車(含客、貨兩用)
106年03月18日 14時44分00秒,死亡1,受傷0,自用-大貨車
106年03月19日 06時13分00秒,死亡1,受傷0,計程車-小客車
106年03月19日 12時20分00秒,死亡2,受傷0,自用-小客車
106年03月19日 22時23分00秒,死亡1,受傷0,行人-人
106年03月20日 07時11分00秒,死亡1,受傷0,普通重型-機車
106年03月20日 09時20分00秒,死亡1,受傷0,普通重型-機車
106年03月21日 07時21分00秒,死亡1,受傷0,普通重型-機車
106年03月21日 11時58分00秒,死亡1,受傷1,普通重型-機車
106年03月21日 12時28分00秒,死亡1,受傷2,普通重型-機車
106年03月21日 12時47分00秒,死亡1,受傷0,營業用-半聯結車
106年03月21日 17時59分00秒,死亡1,受傷0,普通重型-機車
106年03月21日 18時59分00秒,死亡1,受傷1,普通重型-機車
106年03月21日 23時55分00秒,死亡1,受傷0,普通重型-機車
106年03月22日 05時23分00秒,死亡1,受傷0,自用-小貨車(含客、貨兩用)
106年03月22日 07時30分00秒,死亡1,受傷2,普通重型-機車
106年03月22日 11時44分00秒,死亡1,受傷0,自用-小客車
106年03月22日 14時50分00秒,死亡1,受傷0,普通重型-機車
106年03月22日 16時00分00秒,死亡1,受傷0,行人-人
106年03月22日 18時30分00秒,死亡1,受傷0,普通重型-機車
106年03月22日 19時38分00秒,死亡1,受傷2,民營公車-大客車
106年03月23日 07時21分00秒,死亡1,受傷0,普通輕型-機車
106年03月23日 11時53分00秒,死亡1,受傷0,租賃車-小客車
106年03月23日 13時10分00秒,死亡1,受傷0,普通重型-機車
106年03月23日 18時49分00秒,死亡1,受傷0,行人-人
106年03月23日 20時05分00秒,死亡2,受傷1,自用-小客車
106年03月24日 00時25分00秒,死亡1,受傷1,普通重型-機車
106年03月24日 10時00分00秒,死亡1,受傷0,自用-小貨車(含客、貨兩用)
106年03月24日 11時08分00秒,死亡1,受傷0,自用-小貨車(含客、貨兩用)
106年03月24日 17時00分00秒,死亡1,受傷0,普通重型-機車
106年03月25日 00時10分00秒,死亡1,受傷0,自用-小客車
106年03月26日 05時35分00秒,死亡1,受傷1,普通重型-機車
106年03月26日 11時38分00秒,死亡1,受傷1,普通重型-機車
106年03月26日 12時46分00秒,死亡1,受傷0,普通重型-機車
106年03月27日 07時16分00秒,死亡1,受傷0,普通重型-機車
106年03月27日 18時20分00秒,死亡1,受傷1,普通重型-機車
106年03月28日 01時51分00秒,死亡1,受傷0,普通重型-機車
106年03月28日 05時09分00秒,死亡1,受傷2,自用-小客車
106年03月28日 06時50分00秒,死亡1,受傷0,自用-小客車
106年03月28日 07時37分00秒,死亡1,受傷0,行人-人
106年03月28日 09時45分00秒,死亡1,受傷0,自用-大貨車
106年03月28日 15時00分00秒,死亡1,受傷0,營業用-全聯結車
106年03月28日 16時10分00秒,死亡1,受傷0,普通重型-機車
106年03月28日 23時27分00秒,死亡1,受傷1,自用-小客車
106年03月29日 11時35分00秒,死亡1,受傷1,普通重型-機車
106年03月29日 14時06分00秒,死亡2,受傷0,自用-小貨車(含客、貨兩用)
106年03月30日 07時10分00秒,死亡1,受傷1,計程車-小客車
106年03月30日 18時56分00秒,死亡1,受傷0,普通重型-機車
106年03月30日 21時58分00秒,死亡1,受傷0,普通重型-機車
106年03月31日 08時17分00秒,死亡1,受傷0,自用-小貨車(含客、貨兩用)
106年03月31日 11時00分00秒,死亡1,受傷0,自用-小客車
106年03月31日 15時59分00秒,死亡1,受傷0,自用-小客車
106年03月31日 16時08分00秒,死亡1,受傷0,普通重型-機車
106年04月01日 04時56分00秒,死亡1,受傷1,行人-人
106年04月01日 11時35分00秒,死亡1,受傷1,自用-小客車
106年04月01日 12時56分00秒,死亡1,受傷1,自用-大貨車
106年04月01日 14時28分00秒,死亡1,受傷0,自用-小客車
106年04月01日 20時15分00秒,死亡1,受傷0,自用-小客車
106年04月01日 22時08分00秒,死亡1,受傷1,普通重型-機車
106年04月02日 05時36分00秒,死亡1,受傷0,自用-小客車
106年04月02日 09時15分00秒,死亡2,受傷1,大型重型1(550C.C.以上)-機車
106年04月03日 03時05分00秒,死亡1,受傷0,自用-小客車
106年04月03日 04時20分00秒,死亡1,受傷0,普通重型-機車
106年04月03日 07時33分00秒,死亡1,受傷1,普通重型-機車
106年04月03日 11時04分00秒,死亡1,受傷0,腳踏自行車-慢車
106年04月03日 12時49分00秒,死亡1,受傷2,普通重型-機車
106年04月03日 13時50分00秒,死亡1,受傷0,自用-大貨車
106年04月03日 22時08分00秒,死亡1,受傷0,普通重型-機車
106年04月03日 22時45分00秒,死亡1,受傷0,普通重型-機車
106年04月04日 04時50分00秒,死亡1,受傷0,自用-小客車
106年04月04日 07時03分00秒,死亡1,受傷0,普通重型-機車
106年04月04日 07時48分00秒,死亡1,受傷0,自用-小貨車(含客、貨兩用)
106年04月04日 08時47分00秒,死亡1,受傷0,普通重型-機車
106年04月04日 12時59分00秒,死亡1,受傷0,大型重型1(550C.C.以上)-機車
106年04月04日 23時23分00秒,死亡1,受傷0,自用-小客車
106年04月05日 03時40分00秒,死亡1,受傷0,自用-小貨車(含客、貨兩用)
106年04月05日 04時50分00秒,死亡1,受傷0,普通重型-機車
106年04月05日 07時29分00秒,死亡1,受傷0,行人-人
106年04月05日 11時05分00秒,死亡1,受傷0,普通重型-機車
106年04月05日 15時40分00秒,死亡1,受傷3,自用-小客車
106年04月05日 18時17分00秒,死亡1,受傷1,普通重型-機車
106年04月06日 16時10分00秒,死亡1,受傷1,普通重型-機車
106年04月07日 07時24分00秒,死亡1,受傷0,普通重型-機車
106年04月07日 08時25分00秒,死亡1,受傷1,行人-人
106年04月07日 10時02分00秒,死亡1,受傷0,自用-小客車
106年04月07日 11時30分00秒,死亡1,受傷1,普通重型-機車
106年04月08日 09時26分00秒,死亡1,受傷0,大型重型1(550C.C.以上)-機車
106年04月08日 10時53分00秒,死亡1,受傷0,普通重型-機車
106年04月08日 12時42分00秒,死亡2,受傷0,自用-小貨車(含客、貨兩用)
106年04月08日 12時50分00秒,死亡1,受傷0,大型重型2(250-550C.C.)-機車
106年04月08日 15時55分00秒,死亡1,受傷0,自用-大貨車
106年04月08日 16時03分00秒,死亡1,受傷0,普通重型-機車
106年04月08日 17時20分00秒,死亡1,受傷1,自用-小客車
106年04月09日 03時28分00秒,死亡1,受傷0,普通重型-機車
106年04月09日 03時57分00秒,死亡1,受傷0,普通重型-機車
106年04月09日 07時30分00秒,死亡1,受傷1,大型重型1(550C.C.以上)-機車
106年04月09日 12時28分00秒,死亡1,受傷0,普通重型-機車
106年04月09日 23時10分00秒,死亡1,受傷1,自用-小客車
106年04月10日 07時03分00秒,死亡1,受傷0,普通重型-機車
106年04月10日 09時37分00秒,死亡1,受傷0,普通重型-機車
106年04月10日 18時20分00秒,死亡1,受傷1,拼裝車-其他車
106年04月10日 18時40分00秒,死亡1,受傷0,自用-小客車
106年04月10日 18時59分00秒,死亡1,受傷0,行人-人
106年04月10日 22時10分00秒,死亡1,受傷0,自用-小客車
106年04月11日 02時44分00秒,死亡1,受傷1,普通重型-機車
106年04月11日 08時52分00秒,死亡1,受傷0,自用-小客車
106年04月11日 10時54分00秒,死亡1,受傷0,自用-小客車
106年04月11日 14時35分00秒,死亡1,受傷0,營業用-曳引車
106年04月11日 15時55分00秒,死亡1,受傷0,營業用-半聯結車
106年04月11日 16時50分00秒,死亡1,受傷0,自用-小客車
106年04月11日 17時00分00秒,死亡1,受傷1,自用-大貨車
106年04月11日 22時20分00秒,死亡1,受傷0,自用-小客車
106年04月12日 04時19分00秒,死亡1,受傷0,自用-小客車
106年04月12日 16時15分00秒,死亡1,受傷0,腳踏自行車-慢車
106年04月12日 21時36分00秒,死亡1,受傷1,普通重型-機車
106年04月13日 07時20分00秒,死亡1,受傷0,自用-小客車
106年04月13日 11時05分00秒,死亡1,受傷0,自用-小客車
106年04月13日 11時06分00秒,死亡1,受傷0,電動自行車-慢車
106年04月13日 12時43分00秒,死亡1,受傷0,自用-小客車
106年04月13日 21時34分00秒,死亡1,受傷0,自用-小客車
106年04月13日 22時25分00秒,死亡1,受傷0,自用-小客車
106年04月14日 08時15分00秒,死亡1,受傷0,普通重型-機車
106年04月14日 09時25分00秒,死亡1,受傷0,普通輕型-機車
106年04月14日 16時21分00秒,死亡1,受傷1,營業用-小貨車(含客、貨兩用)
106年04月14日 21時07分00秒,死亡1,受傷1,普通重型-機車
106年04月14日 21時50分00秒,死亡1,受傷0,自用-小客車
106年04月14日 23時07分00秒,死亡1,受傷1,普通重型-機車
106年04月15日 00時06分00秒,死亡1,受傷0,大型重型2(250-550C.C.)-機車
106年04月15日 14時36分00秒,死亡1,受傷0,普通重型-機車
106年04月15日 14時37分00秒,死亡1,受傷0,營業用-半聯結車
106年04月15日 16時22分00秒,死亡1,受傷2,普通重型-機車
106年04月15日 23時04分00秒,死亡1,受傷5,自用-小貨車(含客、貨兩用)
106年04月16日 08時13分00秒,死亡1,受傷0,普通重型-機車
106年04月16日 18時30分00秒,死亡1,受傷0,自用-小客車
106年04月16日 18時55分00秒,死亡1,受傷4,自用-小客車
106年04月17日 10時30分00秒,死亡1,受傷1,普通重型-機車
106年04月17日 10時34分00秒,死亡1,受傷1,普通重型-機車
106年04月17日 19時00分00秒,死亡1,受傷1,普通重型-機車
106年04月18日 09時40分00秒,死亡1,受傷1,普通重型-機車
106年04月18日 09時54分00秒,死亡1,受傷0,自用-小客車
106年04月19日 11時34分00秒,死亡1,受傷0,行人-人
106年04月19日 13時00分00秒,死亡1,受傷1,普通重型-機車
106年04月19日 16時17分00秒,死亡1,受傷0,自用-曳引車
106年04月20日 04時20分00秒,死亡1,受傷1,普通重型-機車
106年04月21日 07時24分00秒,死亡1,受傷0,普通重型-機車
106年04月21日 07時30分00秒,死亡1,受傷1,自用-小客車
106年04月21日 08時52分00秒,死亡1,受傷0,普通重型-機車
106年04月21日 09時56分00秒,死亡1,受傷0,普通重型-機車
106年04月22日 04時43分00秒,死亡1,受傷2,普通重型-機車
106年04月22日 07時30分00秒,死亡1,受傷1,自用-小客車
106年04月22日 09時30分00秒,死亡1,受傷1,自用-小客車
106年04月22日 16時10分00秒,死亡1,受傷1,自用-曳引車
106年04月22日 21時44分00秒,死亡1,受傷0,普通重型-機車
106年04月23日 19時17分00秒,死亡1,受傷0,自用-小貨車(含客、貨兩用)
106年04月24日 12時50分00秒,死亡1,受傷0,自用-小貨車(含客、貨兩用)
106年04月24日 16時08分00秒,死亡1,受傷2,自用-小貨車(含客、貨兩用)
106年04月24日 18時36分00秒,死亡1,受傷1,行人-人
106年04月24日 19時44分00秒,死亡1,受傷0,營業用-曳引車
106年04月25日 06時10分00秒,死亡1,受傷1,自用-小貨車(含客、貨兩用)
106年04月25日 07時59分00秒,死亡1,受傷1,自用-小客車
106年04月25日 17時57分00秒,死亡1,受傷0,普通輕型-機車
106年04月25日 21時01分00秒,死亡1,受傷0,自用-小客車
106年04月26日 03時39分00秒,死亡1,受傷0,普通重型-機車
106年04月26日 06時29分00秒,死亡1,受傷0,民營公車-大客車
106年04月26日 07時42分00秒,死亡1,受傷0,普通重型-機車
106年04月26日 13時55分00秒,死亡1,受傷0,普通重型-機車
106年04月26日 15時25分00秒,死亡1,受傷0,普通重型-機車
106年04月26日 15時55分00秒,死亡2,受傷0,腳踏自行車-慢車
106年04月26日 21時05分00秒,死亡1,受傷0,自用-小客車
106年04月27日 00時00分00秒,死亡1,受傷0,普通重型-機車
106年04月27日 07時40分00秒,死亡1,受傷1,普通重型-機車
106年04月27日 14時23分00秒,死亡1,受傷0,普通輕型-機車
106年04月28日 03時25分00秒,死亡1,受傷0,普通重型-機車
106年04月28日 05時13分00秒,死亡2,受傷0,計程車-小客車
106年04月28日 08時38分00秒,死亡1,受傷1,自用-小客車
106年04月28日 17時14分00秒,死亡1,受傷0,普通重型-機車
106年04月28日 17時50分00秒,死亡1,受傷2,普通重型-機車
106年04月28日 21時38分00秒,死亡1,受傷5,自用-小客車
106年04月28日 23時45分00秒,死亡1,受傷1,大型重型2(250-550C.C.)-機車
106年04月29日 23時45分00秒,死亡1,受傷2,自用-小客車
106年04月30日 11時40分00秒,死亡1,受傷0,大型重型1(550C.C.以上)-機車
106年04月30日 23時40分00秒,死亡1,受傷2,自用-小客車
106年05月01日 08時23分00秒,死亡1,受傷1,普通重型-機車
106年05月01日 14時47分00秒,死亡1,受傷1,普通重型-機車
106年05月01日 16時01分00秒,死亡1,受傷0,大型重型2(250-550C.C.)-機車
106年05月01日 19時20分00秒,死亡1,受傷2,自用-大貨車
106年05月02日 08時10分00秒,死亡1,受傷0,普通重型-機車
106年05月02日 10時15分00秒,死亡1,受傷1,普通重型-機車
106年05月02日 18時09分00秒,死亡1,受傷2,租賃車-小客車
106年05月02日 21時56分00秒,死亡1,受傷0,自用-小客車
106年05月03日 04時50分00秒,死亡1,受傷0,行人-人
106年05月03日 10時46分00秒,死亡1,受傷0,普通重型-機車
106年05月03日 14時37分00秒,死亡1,受傷1,普通重型-機車
106年05月04日 07時40分00秒,死亡1,受傷0,自用-小貨車(含客、貨兩用)
106年05月05日 01時14分00秒,死亡1,受傷1,自用-小客車
106年05月05日 07時50分00秒,死亡1,受傷0,腳踏自行車-慢車
106年05月05日 09時30分00秒,死亡1,受傷0,普通重型-機車
106年05月06日 05時30分00秒,死亡1,受傷0,普通重型-機車
106年05月06日 07時36分00秒,死亡1,受傷0,自用-小貨車(含客、貨兩用)
106年05月06日 14時30分00秒,死亡1,受傷1,普通重型-機車
106年05月06日 15時14分00秒,死亡1,受傷1,自用-小貨車(含客、貨兩用)
106年05月06日 17時55分00秒,死亡1,受傷1,自用-小客車
106年05月07日 03時42分00秒,死亡2,受傷0,自用-大貨車
106年05月07日 05時33分00秒,死亡1,受傷4,普通輕型-機車
106年05月07日 08時34分00秒,死亡1,受傷0,普通重型-機車
106年05月07日 10時59分00秒,死亡1,受傷0,普通重型-機車
106年05月07日 16時04分00秒,死亡1,受傷0,普通重型-機車
106年05月07日 18時56分00秒,死亡1,受傷0,普通重型-機車
106年05月08日 05時50分00秒,死亡1,受傷1,自用-小貨車(含客、貨兩用)
106年05月08日 06時45分00秒,死亡1,受傷0,普通重型-機車
106年05月08日 11時19分00秒,死亡1,受傷1,自用-小貨車(含客、貨兩用)
106年05月08日 13時55分00秒,死亡1,受傷0,自用-小貨車(含客、貨兩用)
106年05月09日 00時00分00秒,死亡2,受傷0,計程車-小客車
106年05月09日 01時25分00秒,死亡1,受傷3,自用-小貨車(含客、貨兩用)
106年05月09日 08時52分00秒,死亡1,受傷0,自用-小客車
106年05月09日 13時42分00秒,死亡1,受傷0,自用-小貨車(含客、貨兩用)
106年05月09日 17時49分00秒,死亡1,受傷0,自用-小客車
106年05月09日 18時35分00秒,死亡1,受傷1,普通輕型-機車
106年05月09日 20時43分00秒,死亡1,受傷0,普通重型-機車
106年05月10日 08時02分00秒,死亡1,受傷0,自用-大貨車
106年05月10日 16時50分00秒,死亡1,受傷1,普通重型-機車
106年05月10日 21時45分00秒,死亡1,受傷1,普通重型-機車
106年05月11日 00時22分00秒,死亡2,受傷0,自用-小客車
106年05月11日 05時41分00秒,死亡1,受傷0,自用-小客車
106年05月11日 13時00分00秒,死亡1,受傷1,自用-小客車
106年05月11日 13時11分00秒,死亡1,受傷1,自用-小貨車(含客、貨兩用)
106年05月11日 15時20分00秒,死亡1,受傷0,腳踏自行車-慢車
106年05月11日 15時32分00秒,死亡1,受傷1,自用-小客車
106年05月12日 23時37分00秒,死亡1,受傷0,自用-小客車
106年05月13日 08時15分00秒,死亡1,受傷0,普通重型-機車
106年05月13日 14時00分00秒,死亡1,受傷0,普通重型-機車
106年05月13日 22時35分00秒,死亡1,受傷0,普通重型-機車
106年05月14日 05時35分00秒,死亡1,受傷0,普通重型-機車
106年05月14日 07時23分00秒,死亡1,受傷0,自用-小貨車(含客、貨兩用)
106年05月14日 12時10分00秒,死亡1,受傷0,普通重型-機車
106年05月14日 14時56分00秒,死亡1,受傷0,自用-小客車
106年05月14日 19時07分00秒,死亡1,受傷0,行人-人
106年05月15日 06時48分00秒,死亡1,受傷0,自用-小貨車(含客、貨兩用)
106年05月15日 07時17分00秒,死亡1,受傷0,行人-人
106年05月15日 08時50分00秒,死亡1,受傷0,自用-大貨車
106年05月15日 12時40分00秒,死亡1,受傷5,自用-小貨車(含客、貨兩用)
106年05月15日 13時10分00秒,死亡1,受傷0,普通重型-機車
106年05月15日 15時00分00秒,死亡1,受傷0,普通重型-機車
106年05月15日 16時03分00秒,死亡1,受傷0,自用-大貨車
106年05月15日 18時50分00秒,死亡1,受傷1,自用-小貨車(含客、貨兩用)
106年05月16日 07時16分00秒,死亡1,受傷1,普通重型-機車
106年05月16日 10時56分00秒,死亡1,受傷0,自用-大貨車
106年05月16日 11時20分00秒,死亡1,受傷0,自用-小貨車(含客、貨兩用)
106年05月16日 16時11分00秒,死亡1,受傷1,自用-小客車
106年05月16日 19時03分00秒,死亡1,受傷2,自用-小貨車(含客、貨兩用)
106年05月16日 23時15分00秒,死亡1,受傷0,普通重型-機車
106年05月17日 23時09分00秒,死亡1,受傷0,普通重型-機車
106年05月19日 04時48分00秒,死亡1,受傷0,自用-小客車
106年05月19日 06時42分00秒,死亡1,受傷1,普通重型-機車
106年05月20日 04時10分00秒,死亡1,受傷0,普通重型-機車
106年05月20日 08時51分00秒,死亡1,受傷0,腳踏自行車-慢車
106年05月20日 14時54分00秒,死亡1,受傷0,普通重型-機車
106年05月21日 00時13分00秒,死亡1,受傷0,自用-小貨車(含客、貨兩用)
106年05月21日 01時28分00秒,死亡1,受傷0,普通重型-機車
106年05月21日 04時42分00秒,死亡1,受傷0,普通重型-機車
106年05月21日 05時20分00秒,死亡1,受傷0,普通重型-機車
106年05月21日 18時10分00秒,死亡1,受傷0,普通輕型-機車
106年05月22日 09時19分00秒,死亡1,受傷0,普通重型-機車
106年05月22日 09時23分00秒,死亡1,受傷0,普通重型-機車
106年05月23日 16時48分00秒,死亡1,受傷1,普通重型-機車
106年05月24日 07時20分00秒,死亡3,受傷1,自用-小客車
106年05月24日 14時25分00秒,死亡1,受傷0,拼裝車-其他車
106年05月24日 18時19分00秒,死亡1,受傷0,普通重型-機車
106年05月25日 02時26分00秒,死亡1,受傷0,腳踏自行車-慢車
106年05月25日 19時30分00秒,死亡1,受傷0,行人-人
106年05月26日 10時50分00秒,死亡1,受傷1,普通重型-機車
106年05月26日 12時06分00秒,死亡1,受傷0,營業用-小貨車(含客、貨兩用)
106年05月26日 14時35分00秒,死亡1,受傷2,自用-小客車
106年05月27日 01時20分00秒,死亡1,受傷2,營業用-全聯結車
106年05月27日 03時48分00秒,死亡1,受傷0,自用-小客車
106年05月27日 11時56分00秒,死亡2,受傷0,計程車-小客車
106年05月27日 13時24分00秒,死亡1,受傷0,普通重型-機車
106年05月27日 17時20分00秒,死亡1,受傷1,普通重型-機車
106年05月27日 23時43分00秒,死亡1,受傷0,自用-小客車
106年05月28日 09時34分00秒,死亡1,受傷1,自用-小客車
106年05月28日 14時02分00秒,死亡1,受傷1,自用-小客車
106年05月29日 00時43分00秒,死亡1,受傷4,行人-人
106年05月29日 04時45分00秒,死亡1,受傷0,普通輕型-機車
106年05月29日 14時05分00秒,死亡1,受傷0,自用-小客車
106年05月30日 21時50分00秒,死亡1,受傷1,自用-小客車
106年05月30日 22時37分00秒,死亡1,受傷0,自用-小客車
106年05月31日 03時35分00秒,死亡1,受傷0,普通重型-機車
106年05月31日 14時15分00秒,死亡1,受傷0,普通重型-機車
106年05月31日 19時12分00秒,死亡1,受傷0,自用-小客車
106年06月01日 05時30分00秒,死亡1,受傷0,普通重型-機車
106年06月01日 07時10分00秒,死亡1,受傷0,自用-小客車
106年06月01日 19時43分00秒,死亡1,受傷0,自用-小客車
106年06月01日 22時43分00秒,死亡1,受傷0,自用-小客車
106年06月02日 20時46分00秒,死亡1,受傷5,營業用-半聯結車
106年06月03日 03時14分00秒,死亡1,受傷0,普通重型-機車
106年06月03日 03時50分00秒,死亡1,受傷0,自用-小客車
106年06月03日 09時07分00秒,死亡1,受傷0,普通重型-機車
106年06月03日 14時20分00秒,死亡1,受傷3,自用-小客車
106年06月03日 16時35分00秒,死亡1,受傷2,普通重型-機車
106年06月04日 14時30分00秒,死亡1,受傷1,普通重型-機車
106年06月05日 07時40分00秒,死亡1,受傷0,自用-小貨車(含客、貨兩用)
106年06月05日 16時18分00秒,死亡1,受傷1,自用-小貨車(含客、貨兩用)
106年06月06日 04時30分00秒,死亡1,受傷0,自用-小貨車(含客、貨兩用)
106年06月06日 05時58分00秒,死亡1,受傷0,民營公車-大客車
106年06月06日 13時55分00秒,死亡1,受傷0,營業用-小貨車(含客、貨兩用)
106年06月06日 18時15分00秒,死亡1,受傷0,營業用-曳引車
106年06月06日 21時30分00秒,死亡1,受傷0,自用-小貨車(含客、貨兩用)
106年06月06日 23時12分00秒,死亡1,受傷1,普通重型-機車
106年06月07日 07時14分00秒,死亡1,受傷1,普通重型-機車
106年06月07日 19時00分00秒,死亡1,受傷0,普通重型-機車
106年06月08日 00時18分00秒,死亡1,受傷0,自用-小客車
106年06月08日 08時38分00秒,死亡1,受傷0,自用-大貨車
106年06月08日 10時16分00秒,死亡1,受傷0,普通重型-機車
106年06月08日 12時14分00秒,死亡2,受傷0,自用-小貨車(含客、貨兩用)
106年06月08日 14時47分00秒,死亡1,受傷3,普通重型-機車
106年06月08日 15時07分00秒,死亡1,受傷0,營業用-曳引車
106年06月08日 19時50分00秒,死亡1,受傷0,自用-小客車
106年06月09日 16時10分00秒,死亡1,受傷0,自用-小客車
106年06月09日 19時27分00秒,死亡1,受傷0,自用-小客車
106年06月09日 21時46分00秒,死亡1,受傷0,自用-小客車
106年06月09日 22時25分00秒,死亡1,受傷0,自用-小客車
106年06月09日 23時02分00秒,死亡1,受傷1,自用-小客車
106年06月10日 05時35分00秒,死亡1,受傷0,普通重型-機車
106年06月10日 06時35分00秒,死亡1,受傷0,自用-小客車
106年06月10日 10時15分00秒,死亡1,受傷0,營業用-大貨車
106年06月10日 17時59分00秒,死亡1,受傷1,自用-小客車
106年06月11日 00時24分00秒,死亡1,受傷0,自用-小客車
106年06月11日 05時05分00秒,死亡1,受傷0,自用-小客車
106年06月11日 10時42分00秒,死亡1,受傷4,自用-小客車
106年06月11日 16時10分00秒,死亡1,受傷1,自用-小客車
106年06月11日 18時37分00秒,死亡1,受傷0,自用-小客車
106年06月12日 03時07分00秒,死亡1,受傷0,自用-小客車
106年06月12日 07時49分00秒,死亡1,受傷0,普通重型-機車
106年06月12日 09時35分00秒,死亡1,受傷0,普通重型-機車
106年06月12日 22時50分00秒,死亡1,受傷0,自用-小客車
106年06月13日 21時02分00秒,死亡1,受傷0,普通重型-機車
106年06月14日 03時30分00秒,死亡1,受傷0,自用-小客車
106年06月14日 11時00分00秒,死亡1,受傷0,普通重型-機車
106年06月14日 17時04分00秒,死亡1,受傷1,普通重型-機車
106年06月14日 19時00分00秒,死亡1,受傷0,普通重型-機車
106年06月14日 19時48分00秒,死亡1,受傷0,自用-小客車
106年06月15日 00時49分00秒,死亡1,受傷0,大型重型2(250-550C.C.)-機車
106年06月15日 14時50分00秒,死亡1,受傷0,自用-小貨車(含客、貨兩用)
106年06月15日 15時23分00秒,死亡1,受傷0,營業用-曳引車
106年06月15日 16時28分00秒,死亡1,受傷1,自用-大貨車
106年06月16日 06時07分00秒,死亡1,受傷2,普通輕型-機車
106年06月16日 07時22分00秒,死亡1,受傷0,普通重型-機車
106年06月16日 07時50分00秒,死亡1,受傷0,普通重型-機車
106年06月16日 10時20分00秒,死亡1,受傷0,自用-小客車
106年06月16日 12時03分00秒,死亡1,受傷1,自用-小貨車(含客、貨兩用)
106年06月16日 13時42分00秒,死亡1,受傷0,自用-小客車
106年06月17日 02時01分00秒,死亡1,受傷2,普通重型-機車
106年06月17日 04時54分00秒,死亡1,受傷1,普通重型-機車
106年06月17日 19時00分00秒,死亡1,受傷0,自用-小客車
106年06月17日 21時41分00秒,死亡1,受傷2,普通輕型-機車
106年06月18日 04時22分00秒,死亡1,受傷0,自用-小貨車(含客、貨兩用)
106年06月18日 14時31分00秒,死亡1,受傷0,行人-人
106年06月18日 16時03分00秒,死亡1,受傷0,普通重型-機車
106年06月19日 00時55分00秒,死亡1,受傷0,自用-小客車
106年06月19日 13時50分00秒,死亡1,受傷0,普通重型-機車
106年06月20日 02時18分00秒,死亡1,受傷1,普通重型-機車
106年06月20日 12時10分00秒,死亡1,受傷0,自用-半聯結車
106年06月21日 02時26分00秒,死亡1,受傷0,自用-小客車
106年06月21日 07時02分00秒,死亡1,受傷0,普通重型-機車
106年06月21日 12時21分00秒,死亡1,受傷0,普通重型-機車
106年06月21日 16時00分00秒,死亡1,受傷0,自用-小客車
106年06月22日 04時10分00秒,死亡1,受傷1,普通重型-機車
106年06月22日 11時50分00秒,死亡1,受傷0,自用-小貨車(含客、貨兩用)
106年06月22日 13時15分00秒,死亡1,受傷0,自用-小客車
106年06月22日 20時30分00秒,死亡1,受傷0,自用-小客車
106年06月22日 23時01分00秒,死亡1,受傷1,自用-小客車
106年06月23日 08時09分00秒,死亡1,受傷0,自用-小客車
106年06月23日 19時09分00秒,死亡1,受傷1,普通重型-機車
106年06月24日 17時00分00秒,死亡1,受傷1,普通重型-機車
106年06月24日 17時05分00秒,死亡1,受傷0,行人-人
106年06月24日 17時25分00秒,死亡1,受傷0,普通重型-機車
106年06月24日 19時55分00秒,死亡1,受傷0,普通重型-機車
106年06月24日 20時50分00秒,死亡1,受傷0,普通重型-機車
106年06月24日 23時40分00秒,死亡1,受傷1,普通重型-機車
106年06月25日 06時06分00秒,死亡1,受傷0,普通重型-機車
106年06月25日 07時48分00秒,死亡1,受傷0,小型輕型-機車
106年06月25日 08時55分00秒,死亡1,受傷0,普通重型-機車
106年06月25日 09時53分00秒,死亡1,受傷0,行人-人
106年06月25日 12時44分00秒,死亡1,受傷1,普通重型-機車
106年06月25日 17時15分00秒,死亡1,受傷1,普通輕型-機車
106年06月25日 20時05分00秒,死亡1,受傷0,普通重型-機車
106年06月26日 11時06分00秒,死亡1,受傷0,普通重型-機車
106年06月26日 17時55分00秒,死亡1,受傷0,自用大客車-大客車
106年06月26日 19時12分00秒,死亡1,受傷0,計程車-小客車
106年06月27日 01時40分00秒,死亡1,受傷0,普通重型-機車
106年06月27日 13時40分00秒,死亡1,受傷0,普通重型-機車
106年06月28日 19時00分00秒,死亡1,受傷0,普通輕型-機車
106年06月28日 20時07分00秒,死亡1,受傷1,自用-小客車
106年06月28日 22時10分00秒,死亡1,受傷0,自用-小貨車(含客、貨兩用)
106年06月29日 00時17分00秒,死亡1,受傷0,普通輕型-機車
106年06月29日 19時49分00秒,死亡1,受傷0,計程車-小客車
106年06月30日 00時05分00秒,死亡1,受傷1,自用-小客車
106年06月30日 10時06分00秒,死亡1,受傷0,普通重型-機車
106年06月30日 10時40分00秒,死亡1,受傷0,自用-小客車
106年06月30日 17時32分00秒,死亡1,受傷1,普通輕型-機車
106年06月30日 20時55分00秒,死亡1,受傷1,普通重型-機車
106年06月30日 22時51分00秒,死亡1,受傷1,普通重型-機車
106年07月01日 08時07分00秒,死亡1,受傷0,自用-小客車
106年07月01日 09時05分00秒,死亡1,受傷0,自用-小貨車(含客、貨兩用)
106年07月02日 06時30分00秒,死亡1,受傷1,行人-人
106年07月02日 09時31分00秒,死亡1,受傷0,普通重型-機車
106年07月02日 15時16分35秒,死亡1,受傷0,普通重型-機車
106年07月03日 10時03分16秒,死亡1,受傷1,普通重型-機車
106年07月03日 10時32分00秒,死亡1,受傷1,普通重型-機車
106年07月04日 06時45分37秒,死亡2,受傷0,普通重型-機車
106年07月04日 09時08分00秒,死亡1,受傷1,普通重型-機車
106年07月04日 15時34分00秒,死亡1,受傷0,普通重型-機車
106年07月04日 16時15分00秒,死亡1,受傷0,普通重型-機車
106年07月05日 07時50分12秒,死亡1,受傷0,行人-人
106年07月05日 14時12分00秒,死亡1,受傷0,普通重型-機車
106年07月05日 14時30分16秒,死亡1,受傷1,普通重型-機車
106年07月05日 16時19分00秒,死亡1,受傷0,普通重型-機車
106年07月06日 04時10分00秒,死亡1,受傷0,計程車-小客車
106年07月06日 05時55分00秒,死亡1,受傷0,普通重型-機車
106年07月06日 06時30分00秒,死亡1,受傷0,自用-小貨車(含客、貨兩用)
106年07月06日 19時44分00秒,死亡1,受傷0,普通重型-機車
106年07月07日 11時58分00秒,死亡1,受傷1,普通重型-機車
106年07月07日 15時21分00秒,死亡1,受傷1,自用-小客車
106年07月07日 18時54分00秒,死亡1,受傷1,自用-小貨車(含客、貨兩用)
106年07月08日 17時12分50秒,死亡1,受傷1,自用-小貨車(含客、貨兩用)
106年07月08日 20時20分00秒,死亡1,受傷0,自用-小貨車(含客、貨兩用)
106年07月08日 21時12分00秒,死亡1,受傷1,計程車-小客車
106年07月09日 07時10分00秒,死亡1,受傷0,普通重型-機車
106年07月09日 11時26分00秒,死亡1,受傷0,自用-小貨車(含客、貨兩用)
106年07月09日 11時55分00秒,死亡1,受傷0,大型重型1(550C.C.以上)-機車
106年07月09日 15時25分48秒,死亡1,受傷4,自用-小客車
106年07月10日 07時36分47秒,死亡1,受傷0,普通重型-機車
106年07月10日 07時50分35秒,死亡2,受傷3,營業用-大貨車
106年07月10日 09時58分00秒,死亡1,受傷0,營業用-半聯結車
106年07月10日 12時42分00秒,死亡1,受傷3,自用-小客車
106年07月10日 17時28分00秒,死亡1,受傷1,行人-人
106年07月10日 19時05分00秒,死亡1,受傷0,自用-小貨車(含客、貨兩用)
106年07月11日 09時37分00秒,死亡1,受傷0,普通重型-機車
106年07月11日 10時10分40秒,死亡1,受傷0,民營客運-大客車
106年07月11日 10時49分00秒,死亡1,受傷0,自用-小客車
106年07月11日 14時15分00秒,死亡1,受傷0,行人-人
106年07月11日 21時38分53秒,死亡1,受傷2,其他人-人
106年07月12日 07時46分43秒,死亡1,受傷0,普通重型-機車
106年07月12日 10時25分49秒,死亡1,受傷0,普通重型-機車
106年07月12日 10時47分41秒,死亡1,受傷0,自用-小客車
106年07月12日 15時25分00秒,死亡1,受傷0,營業用-半聯結車
106年07月12日 22時30分00秒,死亡1,受傷0,普通輕型-機車
106年07月13日 07時01分00秒,死亡1,受傷0,腳踏自行車-慢車
106年07月13日 16時29分00秒,死亡1,受傷0,計程車-小客車
106年07月13日 16時50分00秒,死亡1,受傷3,自用-小貨車(含客、貨兩用)
106年07月13日 17時40分00秒,死亡1,受傷0,自用-小客車
106年07月13日 18時52分07秒,死亡1,受傷0,自用-大貨車
106年07月14日 15時53分00秒,死亡1,受傷0,普通重型-機車
106年07月14日 17時53分00秒,死亡1,受傷1,普通重型-機車
106年07月14日 19時55分00秒,死亡1,受傷0,腳踏自行車-慢車
106年07月14日 20時04分00秒,死亡1,受傷1,普通重型-機車
106年07月15日 05時21分00秒,死亡1,受傷1,普通重型-機車
106年07月15日 05時35分26秒,死亡1,受傷0,行人-人
106年07月15日 08時21分00秒,死亡1,受傷0,自用-小貨車(含客、貨兩用)
106年07月15日 19時05分00秒,死亡1,受傷1,普通重型-機車
106年07月15日 20時00分00秒,死亡1,受傷0,普通重型-機車
106年07月15日 20時24分00秒,死亡1,受傷0,自用-小客車
106年07月16日 03時25分15秒,死亡1,受傷0,普通重型-機車
106年07月16日 08時56分30秒,死亡1,受傷0,自用-小客車
106年07月16日 10時46分00秒,死亡1,受傷1,普通重型-機車
106年07月17日 10時05分00秒,死亡1,受傷3,自用-小貨車(含客、貨兩用)
106年07月17日 10時50分00秒,死亡1,受傷0,自用-小客車
106年07月17日 11時51分00秒,死亡1,受傷2,普通重型-機車
106年07月17日 14時11分00秒,死亡1,受傷0,普通重型-機車
106年07月17日 14時31分16秒,死亡1,受傷0,普通重型-機車
106年07月17日 15時57分00秒,死亡1,受傷0,營業用-半聯結車
106年07月17日 19時50分00秒,死亡1,受傷0,普通重型-機車
106年07月17日 21時26分00秒,死亡1,受傷0,普通重型-機車
106年07月18日 10時37分07秒,死亡1,受傷0,普通重型-機車
106年07月18日 13時10分00秒,死亡1,受傷1,自用-小客車
106年07月18日 15時54分44秒,死亡1,受傷1,自用-大貨車
106年07月18日 15時55分00秒,死亡1,受傷0,計程車-小客車
106年07月19日 07時23分00秒,死亡1,受傷0,普通重型-機車
106年07月19日 08時15分00秒,死亡4,受傷11,自用-大貨車
106年07月19日 11時50分54秒,死亡1,受傷1,自用-小貨車(含客、貨兩用)
106年07月19日 15時01分00秒,死亡1,受傷1,自用-小客車
106年07月19日 17時10分23秒,死亡1,受傷0,普通重型-機車
106年07月19日 19時16分15秒,死亡1,受傷0,自用-小客車
106年07月20日 02時43分00秒,死亡1,受傷0,普通重型-機車
106年07月20日 08時10分00秒,死亡1,受傷0,自用-大貨車
106年07月20日 08時58分00秒,死亡1,受傷0,普通重型-機車
106年07月20日 17時54分00秒,死亡1,受傷0,自用-小客車
106年07月20日 23時10分00秒,死亡2,受傷0,普通重型-機車
106年07月21日 02時02分00秒,死亡1,受傷0,自用-小客車
106年07月21日 07時15分00秒,死亡1,受傷1,普通輕型-機車
106年07月21日 07時52分00秒,死亡1,受傷1,普通重型-機車
106年07月21日 11時31分00秒,死亡1,受傷0,營業用-大貨車
106年07月21日 16時40分48秒,死亡1,受傷0,普通重型-機車
106年07月21日 17時42分00秒,死亡1,受傷1,普通重型-機車
106年07月21日 22時20分00秒,死亡1,受傷0,普通重型-機車
106年07月22日 16時30分11秒,死亡1,受傷0,普通重型-機車
106年07月22日 23時05分00秒,死亡1,受傷0,行人-人
106年07月23日 02時18分00秒,死亡1,受傷2,普通重型-機車
106年07月23日 16時10分00秒,死亡1,受傷1,普通重型-機車
106年07月23日 18時47分00秒,死亡1,受傷0,普通重型-機車
106年07月24日 12時15分00秒,死亡1,受傷0,普通輕型-機車
106年07月24日 13時32分00秒,死亡1,受傷1,自用-小貨車(含客、貨兩用)
106年07月24日 16時28分00秒,死亡1,受傷0,自用-小客車
106年07月24日 19時00分03秒,死亡1,受傷0,自用-小客車
106年07月25日 02時45分49秒,死亡1,受傷0,行人-人
106年07月25日 04時15分00秒,死亡2,受傷2,營業用-半聯結車
106年07月25日 06時00分00秒,死亡1,受傷0,腳踏自行車-慢車
106年07月25日 15時58分00秒,死亡1,受傷0,普通重型-機車
106年07月25日 23時53分51秒,死亡1,受傷1,普通重型-機車
106年07月26日 16時08分00秒,死亡1,受傷0,營業用-半聯結車
106年07月27日 08時53分00秒,死亡1,受傷0,自用-小客車
106年07月27日 10時20分00秒,死亡1,受傷0,普通輕型-機車
106年07月27日 14時46分00秒,死亡1,受傷1,行人-人
106年07月27日 21時30分00秒,死亡1,受傷1,大型重型1(550C.C.以上)-機車
106年07月28日 02時44分00秒,死亡1,受傷1,自用-小客車
106年07月28日 08時20分00秒,死亡1,受傷1,腳踏自行車-慢車
106年07月28日 09時20分00秒,死亡1,受傷0,自用-小客車
106年07月28日 16時24分00秒,死亡1,受傷0,營業用-半聯結車
106年07月29日 02時30分59秒,死亡1,受傷0,自用-小貨車(含客、貨兩用)
106年07月29日 06時00分26秒,死亡1,受傷0,自用-小客車
106年07月29日 06時14分00秒,死亡1,受傷1,普通重型-機車
106年07月29日 13時26分00秒,死亡1,受傷5,自用-小客車
106年07月30日 06時28分00秒,死亡1,受傷0,自用-小客車
106年07月31日 07時59分00秒,死亡1,受傷0,普通重型-機車
106年07月31日 14時38分00秒,死亡1,受傷0,營業用-大貨車
106年07月31日 18時13分56秒,死亡1,受傷1,自用-小客車
106年07月31日 18時27分00秒,死亡1,受傷1,自用-小客車
106年08月01日 08時50分00秒,死亡1,受傷0,普通重型-機車
106年08月02日 04時24分00秒,死亡1,受傷0,自用-小貨車(含客、貨兩用)
106年08月02日 06時50分00秒,死亡1,受傷0,普通重型-機車
106年08月02日 14時08分00秒,死亡1,受傷0,自用-小貨車(含客、貨兩用)
106年08月02日 14時50分00秒,死亡1,受傷1,自用-小客車
106年08月03日 07時13分00秒,死亡1,受傷1,普通重型-機車
106年08月03日 07時33分45秒,死亡1,受傷0,普通輕型-機車
106年08月03日 09時35分07秒,死亡1,受傷0,自用-小客車
106年08月04日 06時42分00秒,死亡1,受傷1,普通重型-機車
106年08月04日 09時13分00秒,死亡1,受傷0,普通重型-機車
106年08月04日 19時42分00秒,死亡1,受傷1,普通重型-機車
106年08月04日 21時38分44秒,死亡1,受傷0,自用-小客車
106年08月04日 21時49分00秒,死亡3,受傷6,自用-小貨車(含客、貨兩用)
106年08月05日 11時50分00秒,死亡1,受傷1,自用-小客車
106年08月05日 13時10分30秒,死亡1,受傷0,普通重型-機車
106年08月05日 21時15分00秒,死亡1,受傷0,自用-小客車
106年08月06日 01時02分56秒,死亡1,受傷0,自用-大貨車
106年08月06日 08時49分46秒,死亡1,受傷1,行人-人
106年08月06日 09時45分00秒,死亡1,受傷0,自用-小客車
106年08月06日 16時23分00秒,死亡1,受傷0,自用-大貨車
106年08月07日 01時06分56秒,死亡1,受傷0,普通重型-機車
106年08月07日 03時50分00秒,死亡1,受傷0,普通重型-機車
106年08月07日 06時33分00秒,死亡1,受傷0,自用-小客車
106年08月07日 06時38分00秒,死亡1,受傷1,腳踏自行車-慢車
106年08月07日 06時50分00秒,死亡1,受傷1,自用-大貨車
106年08月07日 08時07分29秒,死亡1,受傷0,自用-大貨車
106年08月07日 09時39分59秒,死亡1,受傷1,普通重型-機車
106年08月07日 10時53分00秒,死亡1,受傷5,營業用-半聯結車
106年08月07日 22時20分32秒,死亡1,受傷0,普通重型-機車
106年08月08日 07時30分00秒,死亡1,受傷1,自用-小客車
106年08月08日 09時34分00秒,死亡1,受傷2,普通重型-機車
106年08月08日 14時10分29秒,死亡1,受傷0,普通重型-機車
106年08月08日 14時29分00秒,死亡1,受傷1,營業用-曳引車
106年08月09日 07時00分00秒,死亡1,受傷0,普通重型-機車
106年08月09日 10時00分00秒,死亡1,受傷2,計程車-小客車
106年08月09日 12時15分26秒,死亡1,受傷1,普通重型-機車
106年08月09日 12時47分00秒,死亡1,受傷0,自用-小貨車(含客、貨兩用)
106年08月09日 13時30分00秒,死亡1,受傷0,自用-小客車
106年08月09日 13時41分00秒,死亡1,受傷0,自用-小客車
106年08月09日 17時10分14秒,死亡1,受傷0,普通重型-機車
106年08月09日 20時13分15秒,死亡1,受傷0,自用-小客車
106年08月10日 07時25分14秒,死亡1,受傷3,營業用-曳引車
106年08月10日 16時55分00秒,死亡1,受傷2,自用-小客車
106年08月10日 19時20分00秒,死亡1,受傷2,自用-小客車
106年08月11日 05時10分29秒,死亡1,受傷0,行人-人
106年08月11日 10時11分00秒,死亡1,受傷1,營業用-小貨車(含客、貨兩用)
106年08月11日 12時43分24秒,死亡1,受傷0,普通重型-機車
106年08月11日 17時27分00秒,死亡1,受傷0,普通重型-機車
106年08月11日 18時47分00秒,死亡1,受傷1,普通重型-機車
106年08月11日 22時00分00秒,死亡1,受傷0,普通重型-機車
106年08月12日 12時12分39秒,死亡1,受傷0,普通重型-機車
106年08月12日 15時20分12秒,死亡1,受傷1,普通重型-機車
106年08月12日 16時55分00秒,死亡1,受傷1,普通重型-機車
106年08月12日 18時40分00秒,死亡1,受傷1,行人-人
106年08月12日 23時19分00秒,死亡1,受傷0,自用-小客車
106年08月13日 00時58分00秒,死亡1,受傷0,普通重型-機車
106年08月13日 02時50分00秒,死亡1,受傷0,普通重型-機車
106年08月13日 06時30分00秒,死亡1,受傷0,自用-小客車
106年08月13日 06時59分00秒,死亡1,受傷0,自用-小客車
106年08月13日 07時28分00秒,死亡1,受傷0,自用-小客車
106年08月13日 09時55分30秒,死亡1,受傷0,普通重型-機車
106年08月13日 12時46分00秒,死亡1,受傷0,自用-小貨車(含客、貨兩用)
106年08月13日 13時36分00秒,死亡1,受傷1,普通重型-機車
106年08月13日 14時45分00秒,死亡1,受傷0,自用-小客車
106年08月13日 20時50分00秒,死亡1,受傷1,普通重型-機車
106年08月14日 08時40分00秒,死亡1,受傷0,營業用-曳引車
106年08月14日 15時30分57秒,死亡1,受傷1,普通重型-機車
106年08月14日 16時29分30秒,死亡1,受傷0,自用-小客車
106年08月14日 19時11分00秒,死亡1,受傷0,普通重型-機車
106年08月14日 21時15分00秒,死亡1,受傷0,自用-小客車
106年08月14日 21時22分00秒,死亡1,受傷0,普通重型-機車
106年08月15日 01時05分00秒,死亡1,受傷0,自用-小客車
106年08月15日 05時52分18秒,死亡1,受傷2,營業用-大貨車
106年08月15日 08時44分45秒,死亡1,受傷0,普通重型-機車
106年08月15日 09時05分00秒,死亡1,受傷1,行人-人
106年08月15日 10時32分00秒,死亡1,受傷0,普通重型-機車
106年08月16日 00時29分50秒,死亡1,受傷2,自用-小貨車(含客、貨兩用)
106年08月16日 15時22分22秒,死亡1,受傷1,普通重型-機車
106年08月16日 17時33分00秒,死亡1,受傷0,自用-小客車
106年08月16日 21時28分00秒,死亡1,受傷1,自用-小客車
106年08月17日 14時54分00秒,死亡1,受傷0,普通重型-機車
106年08月17日 17時06分00秒,死亡1,受傷0,普通重型-機車
106年08月17日 18時15分38秒,死亡1,受傷1,電動自行車-慢車
106年08月18日 15時26分00秒,死亡1,受傷1,普通重型-機車
106年08月19日 06時59分00秒,死亡1,受傷1,普通重型-機車
106年08月19日 10時56分00秒,死亡1,受傷0,自用-小貨車(含客、貨兩用)
106年08月20日 07時48分00秒,死亡1,受傷0,自用-小貨車(含客、貨兩用)
106年08月20日 09時50分00秒,死亡1,受傷0,大型重型1(550C.C.以上)-機車
106年08月20日 21時58分00秒,死亡1,受傷1,自用-小客車
106年08月20日 23時59分21秒,死亡1,受傷0,普通重型-機車
106年08月21日 05時30分29秒,死亡1,受傷1,普通重型-機車
106年08月21日 08時48分00秒,死亡1,受傷0,營業用-曳引車
106年08月21日 10時35分37秒,死亡1,受傷0,普通重型-機車
106年08月21日 11時40分00秒,死亡1,受傷0,行人-人
106年08月22日 09時38分00秒,死亡1,受傷0,普通輕型-機車
106年08月22日 20時54分43秒,死亡1,受傷1,自用-小貨車(含客、貨兩用)
106年08月22日 22時12分41秒,死亡1,受傷0,普通重型-機車
106年08月23日 14時25分00秒,死亡1,受傷0,自用-小貨車(含客、貨兩用)
106年08月23日 14時25分20秒,死亡1,受傷0,自用-大貨車
106年08月23日 16時05分00秒,死亡1,受傷0,遊覽車-大客車
106年08月24日 00時28分00秒,死亡1,受傷0,營業用-小貨車(含客、貨兩用)
106年08月25日 00時05分00秒,死亡1,受傷2,自用-小客車
106年08月25日 08時20分00秒,死亡1,受傷2,自用-小客車
106年08月25日 12時30分40秒,死亡1,受傷2,自用-小客車
106年08月25日 15時20分10秒,死亡1,受傷0,普通重型-機車
106年08月26日 01時07分49秒,死亡1,受傷0,普通重型-機車
106年08月26日 09時12分00秒,死亡1,受傷0,營業用-小貨車(含客、貨兩用)
106年08月26日 21時42分00秒,死亡1,受傷0,自用-小貨車(含客、貨兩用)
106年08月27日 08時25分00秒,死亡1,受傷1,普通重型-機車
106年08月27日 21時16分00秒,死亡1,受傷0,普通重型-機車
106年08月28日 07時30分00秒,死亡1,受傷0,普通重型-機車
106年08月28日 10時04分09秒,死亡1,受傷0,普通重型-機車
106年08月28日 10時10分00秒,死亡1,受傷0,普通重型-機車
106年08月28日 16時12分00秒,死亡1,受傷0,自用-小客車
106年08月29日 08時28分00秒,死亡1,受傷0,營業用-大貨車
106年08月29日 08時40分00秒,死亡1,受傷0,自用-小貨車(含客、貨兩用)
106年08月29日 09時26分00秒,死亡1,受傷0,營業用-曳引車
106年08月29日 18時46分00秒,死亡1,受傷0,自用-小客車
106年08月30日 06時10分00秒,死亡1,受傷0,計程車-小客車
106年08月30日 06時30分00秒,死亡1,受傷0,民營公車-大客車
106年08月30日 06時36分00秒,死亡2,受傷0,自用-小貨車(含客、貨兩用)
106年08月30日 06時52分09秒,死亡1,受傷1,普通重型-機車
106年08月30日 09時21分00秒,死亡1,受傷0,營業用-曳引車
106年08月30日 18時48分00秒,死亡1,受傷0,普通重型-機車
106年08月31日 13時08分00秒,死亡1,受傷0,自用-小客車
106年08月31日 13時20分00秒,死亡2,受傷0,自用-小客車
106年08月31日 14時18分00秒,死亡1,受傷0,自用-小客車
106年08月31日 15時20分57秒,死亡1,受傷1,自用-小貨車(含客、貨兩用)
106年08月31日 16時38分06秒,死亡1,受傷2,自用-小客車
106年08月31日 19時10分00秒,死亡1,受傷0,自用-小客車
106年08月31日 21時23分11秒,死亡1,受傷0,普通重型-機車
106年09月01日 03時00分11秒,死亡1,受傷0,自用-小貨車(含客、貨兩用)
106年09月01日 05時55分51秒,死亡1,受傷0,自用-小客車
106年09月01日 06時28分00秒,死亡1,受傷0,自用-小貨車(含客、貨兩用)
106年09月01日 21時37分17秒,死亡1,受傷1,自用-小客車
106年09月02日 00時04分13秒,死亡1,受傷1,自用-小客車
106年09月02日 07時45分44秒,死亡1,受傷4,營業用-半聯結車
106年09月02日 07時48分00秒,死亡1,受傷2,自用-小客車
106年09月02日 10時29分00秒,死亡1,受傷0,自用-小客車
106年09月02日 19時38分00秒,死亡1,受傷0,普通重型-機車
106年09月03日 00時17分39秒,死亡1,受傷1,自用-小客車
106年09月03日 05時52分00秒,死亡1,受傷0,普通重型-機車
106年09月03日 08時11分10秒,死亡1,受傷0,自用-小貨車(含客、貨兩用)
106年09月03日 16時32分17秒,死亡1,受傷1,自用-小客車
106年09月04日 18時09分00秒,死亡1,受傷0,自用-小客車
106年09月04日 19時20分00秒,死亡1,受傷0,普通重型-機車
106年09月05日 15時30分00秒,死亡1,受傷3,自用-小客車
106年09月05日 21時40分10秒,死亡1,受傷0,行人-人
106年09月06日 08時38分00秒,死亡1,受傷0,自用-大貨車
106年09月06日 09時07分31秒,死亡1,受傷0,普通重型-機車
106年09月07日 10時18分00秒,死亡1,受傷0,普通重型-機車
106年09月08日 12時10分00秒,死亡1,受傷0,普通重型-機車
106年09月08日 22時36分31秒,死亡1,受傷0,普通重型-機車
106年09月09日 09時30分59秒,死亡1,受傷0,自用-小客車
106年09月09日 16時15分03秒,死亡1,受傷0,普通重型-機車
106年09月09日 20時09分00秒,死亡1,受傷0,遊覽車-大客車
106年09月10日 17時13分00秒,死亡1,受傷0,自用-大貨車
106年09月10日 23時40分17秒,死亡1,受傷0,自用-小客車
106年09月11日 11時44分37秒,死亡2,受傷7,自用-小客車
106年09月11日 17時03分03秒,死亡1,受傷0,自用-小客車
106年09月11日 19時27分17秒,死亡1,受傷0,自用-小客車
106年09月11日 23時35分00秒,死亡6,受傷11,民營客運-大客車
106年09月12日 03時30分00秒,死亡1,受傷1,行人-人
106年09月12日 06時25分00秒,死亡1,受傷0,普通重型-機車
106年09月13日 05時05分26秒,死亡1,受傷0,自用-小客車
106年09月13日 14時52分40秒,死亡1,受傷1,普通重型-機車
106年09月13日 23時16分04秒,死亡1,受傷2,普通重型-機車
106年09月14日 19時10分48秒,死亡1,受傷0,自用-小客車
106年09月14日 23時30分00秒,死亡1,受傷0,普通重型-機車
106年09月15日 15時04分00秒,死亡1,受傷0,普通重型-機車
106年09月15日 18時29分00秒,死亡1,受傷1,普通輕型-機車
106年09月15日 18時34分00秒,死亡1,受傷0,行人-人
106年09月15日 20時32分21秒,死亡1,受傷2,普通重型-機車
106年09月17日 07時08分27秒,死亡1,受傷0,自用-小客車
106年09月19日 07時50分00秒,死亡1,受傷0,自用-小客車
106年09月19日 13時40分05秒,死亡1,受傷2,自用-小貨車(含客、貨兩用)
106年09月19日 16時45分35秒,死亡1,受傷0,自用-小貨車(含客、貨兩用)
106年09月19日 22時35分00秒,死亡1,受傷0,自用-小貨車(含客、貨兩用)
106年09月20日 10時40分30秒,死亡1,受傷0,普通重型-機車
106年09月20日 19時10分44秒,死亡1,受傷0,自用-小貨車(含客、貨兩用)
106年09月21日 12時47分00秒,死亡1,受傷1,普通重型-機車
106年09月22日 10時45分00秒,死亡1,受傷0,普通重型-機車
106年09月22日 18時45分08秒,死亡1,受傷0,普通重型-機車
106年09月23日 05時30分00秒,死亡1,受傷0,普通重型-機車
106年09月23日 16時07分00秒,死亡1,受傷1,自用-小客車
106年09月24日 03時36分00秒,死亡1,受傷0,自用-小客車
106年09月24日 04時30分00秒,死亡1,受傷0,自用-小客車
106年09月24日 14時46分50秒,死亡1,受傷2,自用-小貨車(含客、貨兩用)
106年09月24日 20時47分20秒,死亡1,受傷4,自用-小客車
106年09月25日 08時15分23秒,死亡1,受傷0,普通重型-機車
106年09月25日 13時14分40秒,死亡1,受傷0,普通重型-機車
106年09月25日 18時00分00秒,死亡1,受傷0,行人-人
106年09月25日 21時05分23秒,死亡1,受傷0,腳踏自行車-慢車
106年09月25日 23時53分00秒,死亡1,受傷1,自用-小客車
106年09月26日 11時35分00秒,死亡1,受傷0,自用-小客車
106年09月26日 12時14分00秒,死亡1,受傷1,拼裝車-其他車
106年09月27日 22時45分00秒,死亡1,受傷0,自用-小貨車(含客、貨兩用)
106年09月28日 04時58分00秒,死亡1,受傷0,營業用-曳引車
106年09月28日 06時25分40秒,死亡1,受傷0,普通輕型-機車
106年09月28日 09時20分04秒,死亡1,受傷0,自用-大貨車
106年09月28日 17時15分00秒,死亡1,受傷0,普通重型-機車
106年09月29日 07時40分00秒,死亡1,受傷2,自用-小客車
106年09月29日 09時31分08秒,死亡1,受傷0,營業用-大貨車
106年09月30日 05時10分10秒,死亡1,受傷1,自用-小客車
106年09月30日 16時40分00秒,死亡1,受傷0,自用-大貨車
106年10月01日 06時34分00秒,死亡1,受傷0,自用-小客車
106年10月01日 11時32分48秒,死亡1,受傷0,自用-小貨車(含客、貨兩用)
106年10月01日 17時55分02秒,死亡1,受傷0,農耕用車(或機械)-其他車
106年10月01日 18時18分00秒,死亡1,受傷2,普通重型-機車
106年10月02日 20時03分00秒,死亡1,受傷0,普通重型-機車
106年10月02日 22時00分02秒,死亡1,受傷0,普通重型-機車
106年10月03日 09時58分00秒,死亡1,受傷1,普通重型-機車
106年10月03日 15時00分00秒,死亡1,受傷0,自用-小貨車(含客、貨兩用)
106年10月03日 15時08分00秒,死亡1,受傷0,普通重型-機車
106年10月03日 18時11分47秒,死亡1,受傷0,營業用-曳引車
106年10月04日 00時47分00秒,死亡1,受傷1,自用-小客車
106年10月04日 05時56分00秒,死亡1,受傷0,普通重型-機車
106年10月04日 11時42分01秒,死亡1,受傷0,遊覽車-大客車
106年10月04日 15時10分00秒,死亡1,受傷2,自用-小貨車(含客、貨兩用)
106年10月04日 16時50分03秒,死亡1,受傷3,普通重型-機車
106年10月04日 17時05分00秒,死亡1,受傷0,自用-小客車
106年10月05日 09時36分00秒,死亡1,受傷0,腳踏自行車-慢車
106年10月05日 10時28分26秒,死亡1,受傷0,普通重型-機車
106年10月05日 17時26分00秒,死亡1,受傷0,普通重型-機車
106年10月05日 18時38分00秒,死亡1,受傷0,自用-小客車
106年10月06日 01時25分15秒,死亡1,受傷0,普通重型-機車
106年10月06日 17時20分05秒,死亡1,受傷1,大型重型1(550C.C.以上)-機車
106年10月07日 01時00分00秒,死亡1,受傷0,普通重型-機車
106年10月07日 08時30分00秒,死亡1,受傷1,普通重型-機車
106年10月07日 20時40分00秒,死亡1,受傷1,普通重型-機車
106年10月07日 20時42分00秒,死亡1,受傷1,普通重型-機車
106年10月07日 21時43分00秒,死亡1,受傷2,自用-小客車
106年10月07日 21時44分00秒,死亡1,受傷1,自用-小客車
106年10月07日 23時40分00秒,死亡1,受傷0,普通重型-機車
106年10月08日 17時30分00秒,死亡1,受傷0,普通重型-機車
106年10月09日 07時07分55秒,死亡1,受傷0,普通重型-機車
106年10月09日 08時00分20秒,死亡1,受傷0,普通重型-機車
106年10月09日 19時00分00秒,死亡1,受傷3,普通輕型-機車
106年10月10日 05時00分00秒,死亡1,受傷0,普通重型-機車
106年10月10日 15時15分00秒,死亡1,受傷0,大型重型2(250-550C.C.)-機車
106年10月10日 20時05分00秒,死亡1,受傷0,普通重型-機車
106年10月10日 22時14分17秒,死亡1,受傷1,自用-小貨車(含客、貨兩用)
106年10月11日 05時53分00秒,死亡1,受傷1,自用-小貨車(含客、貨兩用)
106年10月11日 07時10分00秒,死亡1,受傷0,計程車-小客車
106年10月11日 07時33分00秒,死亡1,受傷1,普通重型-機車
106年10月11日 10時36分17秒,死亡1,受傷0,營業用-大貨車
106年10月12日 18時57分00秒,死亡1,受傷0,普通重型-機車
106年10月13日 00時52分00秒,死亡1,受傷0,自用-小客車
106年10月13日 05時07分00秒,死亡1,受傷0,自用-小貨車(含客、貨兩用)
106年10月13日 14時50分00秒,死亡1,受傷0,自用-小貨車(含客、貨兩用)
106年10月13日 16時39分07秒,死亡1,受傷0,普通重型-機車
106年10月13日 18時35分10秒,死亡1,受傷0,自用-小客車
106年10月14日 17時27分00秒,死亡1,受傷0,自用-小貨車(含客、貨兩用)
106年10月14日 20時12分00秒,死亡1,受傷0,自用-小客車
106年10月14日 23時30分00秒,死亡1,受傷0,普通重型-機車
106年10月16日 02時40分00秒,死亡1,受傷0,自用-小貨車(含客、貨兩用)
106年10月16日 03時38分00秒,死亡1,受傷3,自用-小客車
106年10月16日 17時41分00秒,死亡1,受傷1,動力機械-其他車
106年10月18日 11時50分54秒,死亡1,受傷0,普通重型-機車
106年10月18日 17時14分14秒,死亡1,受傷0,自用-大貨車
106年10月19日 21時41分57秒,死亡1,受傷0,普通重型-機車
106年10月19日 22時20分00秒,死亡1,受傷0,自用-小客車
106年10月20日 00時00分05秒,死亡1,受傷2,自用-小客車
106年10月20日 07時30分00秒,死亡1,受傷0,腳踏自行車-慢車
106年10月20日 08時35分00秒,死亡1,受傷0,普通重型-機車
106年10月20日 09時46分48秒,死亡1,受傷0,自用-小貨車(含客、貨兩用)
106年10月20日 11時14分57秒,死亡1,受傷0,租賃車-小客車
106年10月21日 06時35分00秒,死亡1,受傷1,普通重型-機車
106年10月21日 14時48分00秒,死亡1,受傷0,自用-小客車
106年10月22日 15時40分00秒,死亡1,受傷1,電動輔助自行車-慢車
106年10月22日 20時30分00秒,死亡1,受傷1,自用-小客車
106年10月22日 21時45分16秒,死亡1,受傷0,自用-小客車
106年10月23日 09時50分00秒,死亡1,受傷1,租賃車-小客車
106年10月23日 11時31分00秒,死亡1,受傷1,普通重型-機車
106年10月23日 16時08分00秒,死亡1,受傷0,普通重型-機車
106年10月24日 05時30分00秒,死亡1,受傷0,自用-小貨車(含客、貨兩用)
106年10月24日 09時40分32秒,死亡1,受傷0,自用-小客車
106年10月24日 12時54分29秒,死亡1,受傷2,自用-小客車
106年10月24日 15時10分18秒,死亡1,受傷23,遊覽車-大客車
106年10月24日 15時15分00秒,死亡3,受傷0,營業用-半聯結車
106年10月26日 06時39分00秒,死亡1,受傷0,普通重型-機車
106年10月26日 10時23分00秒,死亡1,受傷0,自用-小貨車(含客、貨兩用)
106年10月26日 12時30分00秒,死亡1,受傷0,營業用-大貨車
106年10月26日 16時38分00秒,死亡1,受傷1,普通重型-機車
106年10月26日 19時00分00秒,死亡1,受傷0,自用-小客車
106年10月27日 00時10分00秒,死亡1,受傷0,普通重型-機車
106年10月27日 07時58分33秒,死亡1,受傷0,普通重型-機車
106年10月27日 10時25分40秒,死亡1,受傷0,腳踏自行車-慢車
106年10月27日 12時17分00秒,死亡1,受傷0,自用-小貨車(含客、貨兩用)
106年10月27日 14時00分00秒,死亡1,受傷0,自用-小貨車(含客、貨兩用)
106年10月28日 02時20分00秒,死亡1,受傷1,自用-小客車
106年10月28日 07時17分00秒,死亡1,受傷0,普通重型-機車
106年10月28日 07時19分41秒,死亡1,受傷0,普通重型-機車
106年10月29日 08時10分33秒,死亡1,受傷0,普通重型-機車
106年10月30日 11時20分09秒,死亡1,受傷0,普通重型-機車
106年10月30日 18時20分00秒,死亡1,受傷0,普通重型-機車
106年10月30日 22時18分00秒,死亡1,受傷0,普通重型-機車
106年10月31日 04時39分39秒,死亡1,受傷0,行人-人
106年10月31日 14時09分00秒,死亡1,受傷1,自用-小貨車(含客、貨兩用)
106年11月01日 11時38分01秒,死亡1,受傷0,自用-小貨車(含客、貨兩用)
106年11月01日 12時34分00秒,死亡1,受傷0,營業用-全聯結車
106年11月01日 14時38分00秒,死亡1,受傷0,普通重型-機車
106年11月01日 20時54分00秒,死亡1,受傷0,營業用-曳引車
106年11月02日 07時45分00秒,死亡1,受傷0,普通重型-機車
106年11月03日 02時10分00秒,死亡1,受傷1,普通重型-機車
106年11月03日 02時14分55秒,死亡1,受傷0,自用-小客車
106年11月03日 07時20分00秒,死亡1,受傷1,普通重型-機車
106年11月03日 08時20分00秒,死亡1,受傷0,自用-小貨車(含客、貨兩用)
106年11月03日 11時45分35秒,死亡1,受傷0,自用-大貨車
106年11月03日 14時35分47秒,死亡1,受傷0,自用-小客車
106年11月03日 20時30分32秒,死亡1,受傷0,自用-小客車
106年11月04日 07時01分46秒,死亡1,受傷0,普通重型-機車
106年11月04日 18時40分39秒,死亡1,受傷1,普通重型-機車
106年11月05日 05時06分59秒,死亡1,受傷0,普通重型-機車
106年11月05日 08時25分00秒,死亡1,受傷1,大型重型1(550C.C.以上)-機車
106年11月05日 12時16分00秒,死亡1,受傷1,普通輕型-機車
106年11月05日 15時54分23秒,死亡1,受傷0,營業用-曳引車
106年11月06日 05時27分00秒,死亡1,受傷0,腳踏自行車-慢車
106年11月06日 10時20分00秒,死亡1,受傷0,自用-大貨車
106年11月08日 00時04分00秒,死亡1,受傷0,營業用-大貨車
106年11月08日 03時20分00秒,死亡1,受傷0,自用-小客車
106年11月08日 18時20分00秒,死亡1,受傷0,行人-人
106年11月09日 14時37分00秒,死亡1,受傷0,普通重型-機車
106年11月09日 17時21分00秒,死亡1,受傷0,普通重型-機車
106年11月10日 00時20分00秒,死亡1,受傷1,自用-小客車
106年11月10日 16時55分00秒,死亡1,受傷1,普通重型-機車
106年11月11日 09時00分00秒,死亡1,受傷1,普通重型-機車
106年11月11日 12時26分00秒,死亡1,受傷0,普通重型-機車
106年11月11日 18時00分00秒,死亡1,受傷0,行人-人
106年11月12日 00時50分23秒,死亡1,受傷0,普通重型-機車
106年11月12日 08時39分00秒,死亡1,受傷1,自用-小貨車(含客、貨兩用)
106年11月12日 14時39分00秒,死亡1,受傷0,自用-小貨車(含客、貨兩用)
106年11月12日 17時31分41秒,死亡1,受傷0,自用-小客車
106年11月13日 04時43分00秒,死亡1,受傷0,普通重型-機車
106年11月13日 09時40分52秒,死亡1,受傷0,自用-小貨車(含客、貨兩用)
106年11月13日 17時33分43秒,死亡1,受傷1,普通重型-機車
106年11月14日 01時05分00秒,死亡1,受傷1,普通重型-機車
106年11月14日 15時13分00秒,死亡1,受傷0,普通重型-機車
106年11月15日 09時40分00秒,死亡1,受傷0,普通重型-機車
106年11月15日 13時52分00秒,死亡1,受傷0,腳踏自行車-慢車
106年11月15日 18時20分16秒,死亡1,受傷0,自用-小貨車(含客、貨兩用)
106年11月16日 08時55分00秒,死亡1,受傷1,營業用-曳引車
106年11月16日 11時22分00秒,死亡1,受傷0,營業用-半聯結車
106年11月16日 16時24分00秒,死亡1,受傷0,普通重型-機車
106年11月16日 17時43分25秒,死亡1,受傷3,自用-小客車
106年11月18日 05時15分43秒,死亡1,受傷0,腳踏自行車-慢車
106年11月18日 05時55分00秒,死亡1,受傷2,自用-小客車
106年11月19日 03時35分00秒,死亡1,受傷0,自用-小客車
106年11月19日 04時09分00秒,死亡1,受傷0,普通重型-機車
106年11月19日 06時56分00秒,死亡1,受傷0,遊覽車-大客車
106年11月19日 08時40分17秒,死亡4,受傷0,自用-小客車
106年11月19日 13時10分00秒,死亡1,受傷0,普通重型-機車
106年11月20日 05時15分17秒,死亡1,受傷0,自用-小貨車(含客、貨兩用)
106年11月20日 05時35分20秒,死亡1,受傷1,普通重型-機車
106年11月20日 13時18分00秒,死亡1,受傷0,普通重型-機車
106年11月21日 00時05分00秒,死亡1,受傷3,自用-小客車
106年11月21日 08時17分54秒,死亡1,受傷0,普通重型-機車
106年11月21日 09時59分00秒,死亡1,受傷0,腳踏自行車-慢車
106年11月21日 11時00分00秒,死亡1,受傷0,自用-小客車
106年11月21日 21時00分00秒,死亡1,受傷1,普通重型-機車
106年11月22日 17時07分00秒,死亡1,受傷1,遊覽車-大客車
106年11月22日 17時25分00秒,死亡1,受傷2,腳踏自行車-慢車
106年11月23日 09時35分00秒,死亡1,受傷0,普通輕型-機車
106年11月23日 19時23分00秒,死亡1,受傷0,自用-小客車
106年11月23日 19時35分00秒,死亡1,受傷0,自用-小貨車(含客、貨兩用)
106年11月24日 22時38分11秒,死亡1,受傷0,普通重型-機車
106年11月25日 08時05分00秒,死亡1,受傷0,自用-小客車
106年11月25日 14時37分46秒,死亡1,受傷1,自用-小客車
106年11月26日 01時18分01秒,死亡1,受傷2,普通重型-機車
106年11月26日 07時55分00秒,死亡1,受傷0,自用-小客車
106年11月26日 08時01分00秒,死亡1,受傷0,普通重型-機車
106年11月26日 11時33分00秒,死亡1,受傷1,普通重型-機車
106年11月26日 17時21分03秒,死亡1,受傷0,自用-小客車
106年11月26日 20時16分07秒,死亡1,受傷0,自用-小客車
106年11月26日 20時34分00秒,死亡1,受傷1,普通重型-機車
106年11月28日 09時57分00秒,死亡1,受傷0,普通輕型-機車
106年11月28日 17時40分57秒,死亡1,受傷0,普通重型-機車
106年11月29日 00時55分08秒,死亡1,受傷1,自用-小客車
106年11月29日 07時20分00秒,死亡1,受傷0,自用-小客車
106年11月29日 19時02分00秒,死亡1,受傷0,普通重型-機車
106年11月30日 05時07分00秒,死亡1,受傷1,自用-小客車
106年11月30日 09時26分00秒,死亡2,受傷0,自用-小貨車(含客、貨兩用)
106年12月01日 06時45分30秒,死亡1,受傷2,普通重型-機車
106年12月01日 12時27分44秒,死亡1,受傷0,營業用-曳引車
106年12月01日 13時41分00秒,死亡1,受傷0,普通重型-機車
106年12月01日 19時12分00秒,死亡1,受傷0,自用-小客車
106年12月01日 23時20分58秒,死亡1,受傷0,營業用-大貨車
106年12月02日 05時44分00秒,死亡1,受傷0,自用-曳引車
106年12月02日 14時48分00秒,死亡1,受傷0,普通重型-機車
106年12月02日 15時43分00秒,死亡1,受傷0,自用-小客車
106年12月02日 17時38分00秒,死亡2,受傷0,普通重型-機車
106年12月02日 18時00分37秒,死亡1,受傷0,普通重型-機車
106年12月03日 18時15分00秒,死亡1,受傷1,普通重型-機車
106年12月03日 18時21分59秒,死亡1,受傷0,普通重型-機車
106年12月03日 22時18分00秒,死亡2,受傷0,民營客運-大客車
106年12月04日 16時35分00秒,死亡1,受傷0,普通重型-機車
106年12月04日 18時58分32秒,死亡1,受傷0,營業用-大貨車
106年12月05日 08時50分00秒,死亡1,受傷1,自用-小客車
106年12月05日 20時32分39秒,死亡1,受傷0,租賃車-小客車
106年12月06日 08時35分26秒,死亡1,受傷1,營業用-大貨車
106年12月06日 18時40分45秒,死亡1,受傷0,自用-小客車
106年12月06日 18時50分00秒,死亡1,受傷0,自用-小客車
106年12月08日 10時47分00秒,死亡1,受傷0,普通重型-機車
106年12月08日 14時00分00秒,死亡1,受傷0,普通重型-機車
106年12月08日 14時14分00秒,死亡1,受傷0,自用-小客車
106年12月08日 18時08分00秒,死亡1,受傷0,普通重型-機車
106年12月08日 20時50分27秒,死亡1,受傷1,自用-小客車
106年12月09日 00時50分00秒,死亡1,受傷1,普通重型-機車
106年12月09日 15時07分06秒,死亡1,受傷0,普通重型-機車
106年12月10日 07時40分00秒,死亡1,受傷0,普通重型-機車
106年12月10日 10時54分35秒,死亡1,受傷0,大型重型1(550C.C.以上)-機車
106年12月10日 11時29分06秒,死亡1,受傷2,普通重型-機車
106年12月10日 16時20分35秒,死亡1,受傷0,自用-小貨車(含客、貨兩用)
106年12月10日 17時42分00秒,死亡1,受傷1,行人-人
106年12月11日 12時40分00秒,死亡1,受傷5,自用-小客車
106年12月12日 00時50分41秒,死亡1,受傷0,普通重型-機車
106年12月12日 15時30分54秒,死亡1,受傷0,營業用-大貨車
106年12月13日 17時38分27秒,死亡1,受傷0,普通重型-機車
106年12月14日 00時16分55秒,死亡1,受傷0,自用-小客車
106年12月14日 05時10分00秒,死亡1,受傷1,自用-小貨車(含客、貨兩用)
106年12月14日 06時13分00秒,死亡1,受傷0,自用-小客車
106年12月14日 07時07分25秒,死亡1,受傷1,營業用-曳引車
106年12月15日 03時34分00秒,死亡1,受傷1,普通重型-機車
106年12月15日 09時30分00秒,死亡1,受傷0,自用-小客車
106年12月15日 09時45分00秒,死亡1,受傷0,自用-小貨車(含客、貨兩用)
106年12月15日 16時04分57秒,死亡1,受傷0,普通重型-機車
106年12月15日 18時00分00秒,死亡1,受傷1,普通輕型-機車
106年12月15日 18時17分00秒,死亡1,受傷0,普通重型-機車
106年12月15日 21時15分00秒,死亡1,受傷1,普通重型-機車
106年12月16日 06時47分56秒,死亡1,受傷1,普通重型-機車
106年12月16日 16時38分00秒,死亡1,受傷0,自用-大貨車
106年12月16日 21時21分00秒,死亡1,受傷0,普通重型-機車
106年12月16日 22時33分00秒,死亡1,受傷0,自用-小貨車(含客、貨兩用)
106年12月17日 10時47分40秒,死亡1,受傷0,大型重型1(550C.C.以上)-機車
106年12月17日 13時07分09秒,死亡1,受傷6,自用-小客車
106年12月17日 15時39分00秒,死亡1,受傷0,普通重型-機車
106年12月18日 08時05分21秒,死亡1,受傷0,營業用-大貨車
106年12月18日 18時28分00秒,死亡1,受傷0,腳踏自行車-慢車
106年12月19日 08時44分00秒,死亡1,受傷0,普通輕型-機車
106年12月19日 12時45分00秒,死亡1,受傷0,普通重型-機車
106年12月19日 22時25分52秒,死亡1,受傷0,自用-小客車
106年12月20日 02時11分00秒,死亡1,受傷0,自用-大貨車
106年12月20日 06時25分00秒,死亡1,受傷0,普通重型-機車
106年12月20日 10時28分00秒,死亡1,受傷1,普通重型-機車
106年12月20日 14時24分30秒,死亡1,受傷1,自用-小貨車(含客、貨兩用)
106年12月21日 02時20分00秒,死亡1,受傷0,其他人-人
106年12月21日 07時55分00秒,死亡1,受傷0,自用-小貨車(含客、貨兩用)
106年12月21日 15時14分56秒,死亡3,受傷3,營業用-小貨車(含客、貨兩用)
106年12月21日 18時05分00秒,死亡1,受傷0,普通重型-機車
106年12月21日 18時17分00秒,死亡1,受傷1,自用-小客車
106年12月22日 01時33分00秒,死亡1,受傷0,自用-小客車
106年12月22日 07時30分56秒,死亡1,受傷1,行人-人
106年12月22日 10時30分00秒,死亡1,受傷1,普通重型-機車
106年12月22日 15時07分58秒,死亡1,受傷0,自用-小貨車(含客、貨兩用)
106年12月22日 18時01分05秒,死亡1,受傷1,租賃車-小客車
106年12月23日 06時40分00秒,死亡1,受傷1,普通重型-機車
106年12月23日 11時23分00秒,死亡1,受傷0,自用-小客車
106年12月23日 12時08分00秒,死亡1,受傷1,普通重型-機車
106年12月23日 12時33分00秒,死亡1,受傷1,自用-小客車
106年12月23日 15時40分00秒,死亡1,受傷1,行人-人
106年12月23日 16時28分00秒,死亡1,受傷1,自用-小客車
106年12月24日 10時36分16秒,死亡1,受傷0,遊覽車-大客車
106年12月24日 11時42分56秒,死亡1,受傷0,普通重型-機車
106年12月24日 14時12分00秒,死亡1,受傷0,普通輕型-機車
106年12月26日 05時50分00秒,死亡1,受傷0,自用-小客車
106年12月26日 09時20分00秒,死亡1,受傷0,普通重型-機車
106年12月27日 07時22分51秒,死亡1,受傷0,普通重型-機車
106年12月27日 10時36分02秒,死亡1,受傷1,普通重型-機車
106年12月27日 11時28分00秒,死亡1,受傷1,行人-人
106年12月27日 22時29分20秒,死亡1,受傷0,自用-小客車
106年12月28日 00時33分54秒,死亡1,受傷0,自用-小客車
106年12月28日 11時50分00秒,死亡1,受傷0,自用-小貨車(含客、貨兩用)
106年12月28日 14時44分00秒,死亡1,受傷0,自用-小客車
106年12月29日 01時37分00秒,死亡1,受傷0,自用-小客車
106年12月29日 07時45分00秒,死亡1,受傷0,普通重型-機車
106年12月29日 15時05分00秒,死亡1,受傷0,其他車-其他車
106年12月29日 15時53分10秒,死亡1,受傷0,普通重型-機車
106年12月30日 00時05分26秒,死亡1,受傷2,普通重型-機車
106年12月30日 22時40分00秒,死亡1,受傷0,行人-人
106年12月31日 08時54分40秒,死亡1,受傷0,普通重型-機車
106年12月31日 12時00分00秒,死亡1,受傷1,大型重型1(550C.C.以上)-機車
